PBE_BitVec/icfp_gen_1.1.sl,EUSolver,1.10385,correct,23
PBE_BitVec/icfp_gen_1.10.sl,EUSolver,7.57149,correct,48
PBE_BitVec/icfp_gen_1.11.sl,EUSolver,0.846725,correct,17
PBE_BitVec/icfp_gen_1.12.sl,EUSolver,1.44173,correct,44
PBE_BitVec/icfp_gen_1.13.sl,EUSolver,19.9344,correct,66
PBE_BitVec/icfp_gen_1.14.sl,EUSolver,74.9406,correct,470
PBE_BitVec/icfp_gen_1.15.sl,EUSolver,16.15,correct,11
PBE_BitVec/icfp_gen_1.16.sl,EUSolver,2.23414,correct,50
PBE_BitVec/icfp_gen_1.17.sl,EUSolver,18.5413,correct,23
PBE_BitVec/icfp_gen_1.18.sl,EUSolver,65.2467,correct,48
PBE_BitVec/icfp_gen_1.19.sl,EUSolver,0.933703,correct,12
PBE_BitVec/icfp_gen_1.2.sl,EUSolver,4.73298,correct,68
PBE_BitVec/icfp_gen_1.20.sl,EUSolver,4.70517,correct,27
PBE_BitVec/icfp_gen_1.3.sl,EUSolver,0.84238,correct,9
PBE_BitVec/icfp_gen_1.4.sl,EUSolver,1.8747,correct,29
PBE_BitVec/icfp_gen_1.5.sl,EUSolver,4.16632,correct,22
PBE_BitVec/icfp_gen_1.6.sl,EUSolver,7.54179,correct,100
PBE_BitVec/icfp_gen_1.7.sl,EUSolver,3.37818,correct,21
PBE_BitVec/icfp_gen_1.8.sl,EUSolver,1.98486,correct,16
PBE_BitVec/icfp_gen_1.9.sl,EUSolver,26.6648,correct,22
PBE_BitVec/icfp_gen_10.1.sl,EUSolver,1.07541,correct,14
PBE_BitVec/icfp_gen_10.10.sl,EUSolver,16.3405,correct,139
PBE_BitVec/icfp_gen_10.11.sl,EUSolver,8.88744,correct,73
PBE_BitVec/icfp_gen_10.12.sl,EUSolver,1.05905,correct,15
PBE_BitVec/icfp_gen_10.13.sl,EUSolver,8.31907,correct,13
PBE_BitVec/icfp_gen_10.14.sl,EUSolver,21.1996,correct,89
PBE_BitVec/icfp_gen_10.15.sl,EUSolver,7.82503,correct,54
PBE_BitVec/icfp_gen_10.16.sl,EUSolver,7.43019,correct,80
PBE_BitVec/icfp_gen_10.17.sl,EUSolver,1.02652,correct,40
PBE_BitVec/icfp_gen_10.18.sl,EUSolver,4.87045,correct,35
PBE_BitVec/icfp_gen_10.19.sl,EUSolver,5.48892,correct,37
PBE_BitVec/icfp_gen_10.2.sl,EUSolver,0.821934,correct,14
PBE_BitVec/icfp_gen_10.20.sl,EUSolver,20.6332,correct,16
PBE_BitVec/icfp_gen_10.3.sl,EUSolver,10.041,correct,71
PBE_BitVec/icfp_gen_10.4.sl,EUSolver,38.43,correct,34
PBE_BitVec/icfp_gen_10.5.sl,EUSolver,1.66452,correct,18
PBE_BitVec/icfp_gen_10.6.sl,EUSolver,57.7918,correct,51
PBE_BitVec/icfp_gen_10.7.sl,EUSolver,16.5494,correct,67
PBE_BitVec/icfp_gen_10.8.sl,EUSolver,8.57865,correct,20
PBE_BitVec/icfp_gen_10.9.sl,EUSolver,1.01976,correct,20
PBE_BitVec/icfp_gen_11.1.sl,EUSolver,24.6344,correct,203
PBE_BitVec/icfp_gen_11.10.sl,EUSolver,6.01385,correct,32
PBE_BitVec/icfp_gen_11.11.sl,EUSolver,4.48188,correct,73
PBE_BitVec/icfp_gen_11.12.sl,EUSolver,3.80485,correct,52
PBE_BitVec/icfp_gen_11.13.sl,EUSolver,4.20122,correct,51
PBE_BitVec/icfp_gen_11.14.sl,EUSolver,1.45082,correct,29
PBE_BitVec/icfp_gen_11.15.sl,EUSolver,7.97779,correct,39
PBE_BitVec/icfp_gen_11.16.sl,EUSolver,8.78429,correct,22
PBE_BitVec/icfp_gen_11.17.sl,EUSolver,39.6821,correct,57
PBE_BitVec/icfp_gen_11.18.sl,EUSolver,1.21742,correct,22
PBE_BitVec/icfp_gen_11.19.sl,EUSolver,3.55478,correct,40
PBE_BitVec/icfp_gen_11.2.sl,EUSolver,3.82174,correct,110
PBE_BitVec/icfp_gen_11.20.sl,EUSolver,6.99492,correct,37
PBE_BitVec/icfp_gen_11.3.sl,EUSolver,7.96427,correct,42
PBE_BitVec/icfp_gen_11.4.sl,EUSolver,18.0481,correct,123
PBE_BitVec/icfp_gen_11.5.sl,EUSolver,1.11748,correct,18
PBE_BitVec/icfp_gen_11.6.sl,EUSolver,0.686293,correct,2
PBE_BitVec/icfp_gen_11.7.sl,EUSolver,2.36066,correct,22
PBE_BitVec/icfp_gen_11.8.sl,EUSolver,1.18158,correct,13
PBE_BitVec/icfp_gen_11.9.sl,EUSolver,1.68808,correct,43
PBE_BitVec/icfp_gen_12.1.sl,EUSolver,6.47604,correct,47
PBE_BitVec/icfp_gen_12.10.sl,EUSolver,8.27442,correct,54
PBE_BitVec/icfp_gen_12.11.sl,EUSolver,4.54402,correct,28
PBE_BitVec/icfp_gen_12.12.sl,EUSolver,0.89635,correct,16
PBE_BitVec/icfp_gen_12.13.sl,EUSolver,50.552,correct,110
PBE_BitVec/icfp_gen_12.14.sl,EUSolver,4.26373,correct,26
PBE_BitVec/icfp_gen_12.15.sl,EUSolver,2.57801,correct,37
PBE_BitVec/icfp_gen_12.16.sl,EUSolver,2.65061,correct,38
PBE_BitVec/icfp_gen_12.17.sl,EUSolver,0.869936,correct,19
PBE_BitVec/icfp_gen_12.18.sl,EUSolver,1.36785,correct,12
PBE_BitVec/icfp_gen_12.19.sl,EUSolver,8.03589,correct,110
PBE_BitVec/icfp_gen_12.2.sl,EUSolver,1.63353,correct,27
PBE_BitVec/icfp_gen_12.20.sl,EUSolver,3.40196,correct,66
PBE_BitVec/icfp_gen_12.3.sl,EUSolver,1.92458,correct,13
PBE_BitVec/icfp_gen_12.4.sl,EUSolver,2.95315,correct,31
PBE_BitVec/icfp_gen_12.5.sl,EUSolver,9.15318,correct,66
PBE_BitVec/icfp_gen_12.6.sl,EUSolver,13.4226,correct,121
PBE_BitVec/icfp_gen_12.7.sl,EUSolver,1.19781,correct,14
PBE_BitVec/icfp_gen_12.8.sl,EUSolver,3.11209,correct,22
PBE_BitVec/icfp_gen_12.9.sl,EUSolver,15.6623,correct,54
PBE_BitVec/icfp_gen_13.1.sl,EUSolver,32.3447,correct,211
PBE_BitVec/icfp_gen_13.10.sl,EUSolver,0.955277,correct,20
PBE_BitVec/icfp_gen_13.11.sl,EUSolver,4.13649,correct,47
PBE_BitVec/icfp_gen_13.12.sl,EUSolver,1.4174,correct,20
PBE_BitVec/icfp_gen_13.13.sl,EUSolver,58.3435,correct,56
PBE_BitVec/icfp_gen_13.14.sl,EUSolver,1.03131,correct,24
PBE_BitVec/icfp_gen_13.15.sl,EUSolver,21.0723,correct,70
PBE_BitVec/icfp_gen_13.16.sl,EUSolver,21.7292,correct,124
PBE_BitVec/icfp_gen_13.17.sl,EUSolver,1.14284,correct,25
PBE_BitVec/icfp_gen_13.18.sl,EUSolver,16.1613,correct,81
PBE_BitVec/icfp_gen_13.19.sl,EUSolver,1.65084,correct,25
PBE_BitVec/icfp_gen_13.2.sl,EUSolver,1.09689,correct,15
PBE_BitVec/icfp_gen_13.20.sl,EUSolver,26.165,correct,139
PBE_BitVec/icfp_gen_13.3.sl,EUSolver,21.9658,correct,105
PBE_BitVec/icfp_gen_13.4.sl,EUSolver,13.5715,correct,68
PBE_BitVec/icfp_gen_13.5.sl,EUSolver,17.01,correct,38
PBE_BitVec/icfp_gen_13.6.sl,EUSolver,0.931214,correct,27
PBE_BitVec/icfp_gen_13.7.sl,EUSolver,1.55472,correct,30
PBE_BitVec/icfp_gen_13.8.sl,EUSolver,5.43065,correct,32
PBE_BitVec/icfp_gen_13.9.sl,EUSolver,2.55185,correct,32
PBE_BitVec/icfp_gen_14.1.sl,EUSolver,2.74131,correct,37
PBE_BitVec/icfp_gen_14.10.sl,EUSolver,18.7124,correct,64
PBE_BitVec/icfp_gen_14.11.sl,EUSolver,26.3661,correct,91
PBE_BitVec/icfp_gen_14.12.sl,EUSolver,0.686208,correct,8
PBE_BitVec/icfp_gen_14.13.sl,EUSolver,6.73385,correct,128
PBE_BitVec/icfp_gen_14.14.sl,EUSolver,1161.93,correct,29
PBE_BitVec/icfp_gen_14.15.sl,EUSolver,2.84084,correct,34
PBE_BitVec/icfp_gen_14.16.sl,EUSolver,0.883793,correct,29
PBE_BitVec/icfp_gen_14.17.sl,EUSolver,0.705672,correct,9
PBE_BitVec/icfp_gen_14.18.sl,EUSolver,6.68201,correct,65
PBE_BitVec/icfp_gen_14.19.sl,EUSolver,7.11032,correct,66
PBE_BitVec/icfp_gen_14.2.sl,EUSolver,1.21741,correct,19
PBE_BitVec/icfp_gen_14.20.sl,EUSolver,8.77495,correct,29
PBE_BitVec/icfp_gen_14.3.sl,EUSolver,6.53337,correct,29
PBE_BitVec/icfp_gen_14.4.sl,EUSolver,1.85935,correct,43
PBE_BitVec/icfp_gen_14.5.sl,EUSolver,19.3988,correct,85
PBE_BitVec/icfp_gen_14.6.sl,EUSolver,19.8429,correct,141
PBE_BitVec/icfp_gen_14.7.sl,EUSolver,4.20505,correct,40
PBE_BitVec/icfp_gen_14.8.sl,EUSolver,1.22837,correct,17
PBE_BitVec/icfp_gen_14.9.sl,EUSolver,488.139,correct,33
PBE_BitVec/icfp_gen_15.1.sl,EUSolver,1.24396,correct,14
PBE_BitVec/icfp_gen_15.10.sl,EUSolver,7.75003,correct,81
PBE_BitVec/icfp_gen_15.11.sl,EUSolver,0.940074,correct,35
PBE_BitVec/icfp_gen_15.12.sl,EUSolver,13.8869,correct,61
PBE_BitVec/icfp_gen_15.13.sl,EUSolver,0.792813,correct,22
PBE_BitVec/icfp_gen_15.14.sl,EUSolver,9.27001,correct,174
PBE_BitVec/icfp_gen_15.15.sl,EUSolver,22.2326,correct,28
PBE_BitVec/icfp_gen_15.16.sl,EUSolver,1.30042,correct,37
PBE_BitVec/icfp_gen_15.17.sl,EUSolver,31.6803,correct,116
PBE_BitVec/icfp_gen_15.18.sl,EUSolver,1.17426,correct,44
PBE_BitVec/icfp_gen_15.19.sl,EUSolver,6.66742,correct,30
PBE_BitVec/icfp_gen_15.2.sl,EUSolver,15.4984,correct,64
PBE_BitVec/icfp_gen_15.20.sl,EUSolver,7.26519,correct,45
PBE_BitVec/icfp_gen_15.3.sl,EUSolver,9.37453,correct,29
PBE_BitVec/icfp_gen_15.4.sl,EUSolver,6.71227,correct,84
PBE_BitVec/icfp_gen_15.5.sl,EUSolver,1.59097,correct,20
PBE_BitVec/icfp_gen_15.6.sl,EUSolver,11.8647,correct,83
PBE_BitVec/icfp_gen_15.7.sl,EUSolver,3.79672,correct,30
PBE_BitVec/icfp_gen_15.8.sl,EUSolver,9.86946,correct,42
PBE_BitVec/icfp_gen_15.9.sl,EUSolver,3.40588,correct,73
PBE_BitVec/icfp_gen_2.1.sl,EUSolver,70.054,correct,28
PBE_BitVec/icfp_gen_2.10.sl,EUSolver,2.56357,correct,27
PBE_BitVec/icfp_gen_2.11.sl,EUSolver,23.2612,correct,96
PBE_BitVec/icfp_gen_2.12.sl,EUSolver,0.732467,correct,13
PBE_BitVec/icfp_gen_2.13.sl,EUSolver,30.806,correct,42
PBE_BitVec/icfp_gen_2.14.sl,EUSolver,1.48234,correct,35
PBE_BitVec/icfp_gen_2.15.sl,EUSolver,21.2385,correct,73
PBE_BitVec/icfp_gen_2.16.sl,EUSolver,1.03535,correct,23
PBE_BitVec/icfp_gen_2.17.sl,EUSolver,25.4113,correct,41
PBE_BitVec/icfp_gen_2.18.sl,EUSolver,11.0401,correct,37
PBE_BitVec/icfp_gen_2.19.sl,EUSolver,1.096,correct,11
PBE_BitVec/icfp_gen_2.2.sl,EUSolver,1.20894,correct,10
PBE_BitVec/icfp_gen_2.20.sl,EUSolver,7.6979,correct,69
PBE_BitVec/icfp_gen_2.3.sl,EUSolver,0.9984,correct,21
PBE_BitVec/icfp_gen_2.4.sl,EUSolver,53.3818,correct,103
PBE_BitVec/icfp_gen_2.5.sl,EUSolver,2.86009,correct,36
PBE_BitVec/icfp_gen_2.6.sl,EUSolver,8.30541,correct,89
PBE_BitVec/icfp_gen_2.7.sl,EUSolver,2.82872,correct,76
PBE_BitVec/icfp_gen_2.8.sl,EUSolver,0.682937,correct,15
PBE_BitVec/icfp_gen_2.9.sl,EUSolver,0.832356,correct,20
PBE_BitVec/icfp_gen_3.1.sl,EUSolver,1.89844,correct,21
PBE_BitVec/icfp_gen_3.10.sl,EUSolver,57.7407,correct,31
PBE_BitVec/icfp_gen_3.11.sl,EUSolver,0.812723,correct,10
PBE_BitVec/icfp_gen_3.12.sl,EUSolver,0.780843,correct,16
PBE_BitVec/icfp_gen_3.13.sl,EUSolver,1.01384,correct,26
PBE_BitVec/icfp_gen_3.14.sl,EUSolver,4.27981,correct,24
PBE_BitVec/icfp_gen_3.15.sl,EUSolver,0.750251,correct,17
PBE_BitVec/icfp_gen_3.16.sl,EUSolver,15.1846,correct,97
PBE_BitVec/icfp_gen_3.17.sl,EUSolver,18.4333,correct,36
PBE_BitVec/icfp_gen_3.18.sl,EUSolver,80.097,correct,240
PBE_BitVec/icfp_gen_3.19.sl,EUSolver,2.70195,correct,20
PBE_BitVec/icfp_gen_3.2.sl,EUSolver,0.684325,correct,10
PBE_BitVec/icfp_gen_3.20.sl,EUSolver,5.25188,correct,25
PBE_BitVec/icfp_gen_3.3.sl,EUSolver,8.44809,correct,60
PBE_BitVec/icfp_gen_3.4.sl,EUSolver,0.608585,correct,2
PBE_BitVec/icfp_gen_3.5.sl,EUSolver,0.966637,correct,17
PBE_BitVec/icfp_gen_3.6.sl,EUSolver,4.8294,correct,24
PBE_BitVec/icfp_gen_3.7.sl,EUSolver,4.31406,correct,31
PBE_BitVec/icfp_gen_3.8.sl,EUSolver,1.21679,correct,42
PBE_BitVec/icfp_gen_3.9.sl,EUSolver,0.654397,correct,10
PBE_BitVec/icfp_gen_4.1.sl,EUSolver,62.7119,correct,121
PBE_BitVec/icfp_gen_4.10.sl,EUSolver,0.735625,correct,15
PBE_BitVec/icfp_gen_4.11.sl,EUSolver,7.61293,correct,23
PBE_BitVec/icfp_gen_4.12.sl,EUSolver,0.929441,correct,12
PBE_BitVec/icfp_gen_4.13.sl,EUSolver,5.60894,correct,40
PBE_BitVec/icfp_gen_4.14.sl,EUSolver,1.29186,correct,47
PBE_BitVec/icfp_gen_4.15.sl,EUSolver,0.785919,correct,11
PBE_BitVec/icfp_gen_4.16.sl,EUSolver,5.87403,correct,51
PBE_BitVec/icfp_gen_4.17.sl,EUSolver,100.333,correct,79
PBE_BitVec/icfp_gen_4.18.sl,EUSolver,1.11393,correct,16
PBE_BitVec/icfp_gen_4.19.sl,EUSolver,20.5494,correct,36
PBE_BitVec/icfp_gen_4.2.sl,EUSolver,3.24229,correct,41
PBE_BitVec/icfp_gen_4.20.sl,EUSolver,14.4328,correct,74
PBE_BitVec/icfp_gen_4.3.sl,EUSolver,1.19946,correct,26
PBE_BitVec/icfp_gen_4.4.sl,EUSolver,5.54707,correct,53
PBE_BitVec/icfp_gen_4.5.sl,EUSolver,1.97571,correct,26
PBE_BitVec/icfp_gen_4.6.sl,EUSolver,3.38742,correct,18
PBE_BitVec/icfp_gen_4.7.sl,EUSolver,12.9657,correct,44
PBE_BitVec/icfp_gen_4.8.sl,EUSolver,59.9122,correct,192
PBE_BitVec/icfp_gen_4.9.sl,EUSolver,17.5674,correct,87
PBE_BitVec/icfp_gen_5.1.sl,EUSolver,88.5837,correct,35
PBE_BitVec/icfp_gen_5.10.sl,EUSolver,1.99176,correct,33
PBE_BitVec/icfp_gen_5.11.sl,EUSolver,17.6468,correct,120
PBE_BitVec/icfp_gen_5.12.sl,EUSolver,451.352,correct,26
PBE_BitVec/icfp_gen_5.13.sl,EUSolver,1.76793,correct,45
PBE_BitVec/icfp_gen_5.14.sl,EUSolver,4.81218,correct,42
PBE_BitVec/icfp_gen_5.15.sl,EUSolver,4.5458,correct,50
PBE_BitVec/icfp_gen_5.16.sl,EUSolver,2.32327,correct,44
PBE_BitVec/icfp_gen_5.17.sl,EUSolver,38.0988,correct,81
PBE_BitVec/icfp_gen_5.18.sl,EUSolver,7.07011,correct,80
PBE_BitVec/icfp_gen_5.19.sl,EUSolver,1.45674,correct,16
PBE_BitVec/icfp_gen_5.2.sl,EUSolver,3.6105,correct,30
PBE_BitVec/icfp_gen_5.20.sl,EUSolver,0.986493,correct,12
PBE_BitVec/icfp_gen_5.3.sl,EUSolver,68.1905,correct,66
PBE_BitVec/icfp_gen_5.4.sl,EUSolver,8.32984,correct,105
PBE_BitVec/icfp_gen_5.5.sl,EUSolver,9.53098,correct,67
PBE_BitVec/icfp_gen_5.6.sl,EUSolver,0.959282,correct,22
PBE_BitVec/icfp_gen_5.7.sl,EUSolver,0.956749,correct,25
PBE_BitVec/icfp_gen_5.8.sl,EUSolver,10.0408,correct,59
PBE_BitVec/icfp_gen_5.9.sl,EUSolver,6.21128,correct,119
PBE_BitVec/icfp_gen_6.1.sl,EUSolver,6.23797,correct,41
PBE_BitVec/icfp_gen_6.10.sl,EUSolver,9.86326,correct,109
PBE_BitVec/icfp_gen_6.11.sl,EUSolver,0.674477,correct,9
PBE_BitVec/icfp_gen_6.12.sl,EUSolver,0.649804,correct,4
PBE_BitVec/icfp_gen_6.13.sl,EUSolver,3.50243,correct,18
PBE_BitVec/icfp_gen_6.14.sl,EUSolver,11.1268,correct,40
PBE_BitVec/icfp_gen_6.15.sl,EUSolver,0.767831,correct,15
PBE_BitVec/icfp_gen_6.16.sl,EUSolver,1.36001,correct,20
PBE_BitVec/icfp_gen_6.17.sl,EUSolver,17.6781,correct,39
PBE_BitVec/icfp_gen_6.18.sl,EUSolver,2.25118,correct,53
PBE_BitVec/icfp_gen_6.19.sl,EUSolver,7.53728,correct,47
PBE_BitVec/icfp_gen_6.2.sl,EUSolver,4.7853,correct,32
PBE_BitVec/icfp_gen_6.20.sl,EUSolver,0.632884,correct,1
PBE_BitVec/icfp_gen_6.3.sl,EUSolver,15.8491,correct,154
PBE_BitVec/icfp_gen_6.4.sl,EUSolver,2.93466,correct,25
PBE_BitVec/icfp_gen_6.5.sl,EUSolver,7.30103,correct,43
PBE_BitVec/icfp_gen_6.6.sl,EUSolver,10.1103,correct,34
PBE_BitVec/icfp_gen_6.7.sl,EUSolver,1.53989,correct,30
PBE_BitVec/icfp_gen_6.8.sl,EUSolver,31.7766,correct,157
PBE_BitVec/icfp_gen_6.9.sl,EUSolver,19.4802,correct,25
PBE_BitVec/icfp_gen_7.1.sl,EUSolver,55.6474,correct,70
PBE_BitVec/icfp_gen_7.10.sl,EUSolver,2.31955,correct,41
PBE_BitVec/icfp_gen_7.11.sl,EUSolver,5.21062,correct,58
PBE_BitVec/icfp_gen_7.12.sl,EUSolver,5.70803,correct,44
PBE_BitVec/icfp_gen_7.13.sl,EUSolver,5.38366,correct,46
PBE_BitVec/icfp_gen_7.14.sl,EUSolver,12.9332,correct,39
PBE_BitVec/icfp_gen_7.15.sl,EUSolver,1.34279,correct,17
PBE_BitVec/icfp_gen_7.16.sl,EUSolver,1.43988,correct,37
PBE_BitVec/icfp_gen_7.17.sl,EUSolver,0.936103,correct,18
PBE_BitVec/icfp_gen_7.18.sl,EUSolver,2.21568,correct,12
PBE_BitVec/icfp_gen_7.19.sl,EUSolver,0.954343,correct,34
PBE_BitVec/icfp_gen_7.2.sl,EUSolver,1.101,correct,20
PBE_BitVec/icfp_gen_7.20.sl,EUSolver,5.24801,correct,69
PBE_BitVec/icfp_gen_7.3.sl,EUSolver,3.3746,correct,17
PBE_BitVec/icfp_gen_7.4.sl,EUSolver,44.659,correct,174
PBE_BitVec/icfp_gen_7.5.sl,EUSolver,3.86843,correct,24
PBE_BitVec/icfp_gen_7.6.sl,EUSolver,15.9911,correct,36
PBE_BitVec/icfp_gen_7.7.sl,EUSolver,5.41084,correct,49
PBE_BitVec/icfp_gen_7.8.sl,EUSolver,576.556,correct,28
PBE_BitVec/icfp_gen_7.9.sl,EUSolver,2.05244,correct,24
PBE_BitVec/icfp_gen_8.1.sl,EUSolver,2931.65,correct,22
PBE_BitVec/icfp_gen_8.10.sl,EUSolver,17.9032,correct,103
PBE_BitVec/icfp_gen_8.11.sl,EUSolver,76.7676,correct,132
PBE_BitVec/icfp_gen_8.12.sl,EUSolver,1.15093,correct,11
PBE_BitVec/icfp_gen_8.13.sl,EUSolver,1.05381,correct,10
PBE_BitVec/icfp_gen_8.14.sl,EUSolver,3.7819,correct,42
PBE_BitVec/icfp_gen_8.15.sl,EUSolver,249.588,correct,106
PBE_BitVec/icfp_gen_8.16.sl,EUSolver,1.08862,correct,14
PBE_BitVec/icfp_gen_8.17.sl,EUSolver,0.751849,correct,22
PBE_BitVec/icfp_gen_8.18.sl,EUSolver,12.9736,correct,71
PBE_BitVec/icfp_gen_8.19.sl,EUSolver,18.1508,correct,100
PBE_BitVec/icfp_gen_8.2.sl,EUSolver,0.713746,correct,18
PBE_BitVec/icfp_gen_8.20.sl,EUSolver,24.6592,correct,146
PBE_BitVec/icfp_gen_8.3.sl,EUSolver,3.7861,correct,55
PBE_BitVec/icfp_gen_8.4.sl,EUSolver,7.09966,correct,31
PBE_BitVec/icfp_gen_8.5.sl,EUSolver,1.69938,correct,18
PBE_BitVec/icfp_gen_8.6.sl,EUSolver,7.25532,correct,63
PBE_BitVec/icfp_gen_8.7.sl,EUSolver,3.54825,correct,20
PBE_BitVec/icfp_gen_8.8.sl,EUSolver,24.5097,correct,139
PBE_BitVec/icfp_gen_8.9.sl,EUSolver,7.33719,correct,46
PBE_BitVec/icfp_gen_9.1.sl,EUSolver,2.36179,correct,29
PBE_BitVec/icfp_gen_9.10.sl,EUSolver,2.08023,correct,26
PBE_BitVec/icfp_gen_9.11.sl,EUSolver,2.10781,correct,59
PBE_BitVec/icfp_gen_9.12.sl,EUSolver,2.05799,correct,51
PBE_BitVec/icfp_gen_9.13.sl,EUSolver,0.719831,correct,18
PBE_BitVec/icfp_gen_9.14.sl,EUSolver,0.966423,correct,28
PBE_BitVec/icfp_gen_9.15.sl,EUSolver,2.9538,correct,56
PBE_BitVec/icfp_gen_9.16.sl,EUSolver,0.901039,correct,13
PBE_BitVec/icfp_gen_9.17.sl,EUSolver,5.13967,correct,29
PBE_BitVec/icfp_gen_9.18.sl,EUSolver,4.06151,correct,38
PBE_BitVec/icfp_gen_9.19.sl,EUSolver,8.26529,correct,61
PBE_BitVec/icfp_gen_9.2.sl,EUSolver,3.68278,correct,76
PBE_BitVec/icfp_gen_9.20.sl,EUSolver,1.64519,correct,21
PBE_BitVec/icfp_gen_9.3.sl,EUSolver,23.8818,correct,60
PBE_BitVec/icfp_gen_9.4.sl,EUSolver,23.3466,correct,83
PBE_BitVec/icfp_gen_9.5.sl,EUSolver,0.877792,correct,39
PBE_BitVec/icfp_gen_9.6.sl,EUSolver,23.5132,correct,159
PBE_BitVec/icfp_gen_9.7.sl,EUSolver,0.784086,correct,26
PBE_BitVec/icfp_gen_9.8.sl,EUSolver,0.725008,correct,16
PBE_BitVec/icfp_gen_9.9.sl,EUSolver,71.997,correct,104
ICFP/1_10.sl,EUSolver,0.726938,correct,11
ICFP/1_100.sl,EUSolver,1.04036,correct,11
ICFP/1_1000.sl,EUSolver,3.26578,correct,11
ICFP/10_10.sl,EUSolver,3.08092,correct,17
ICFP/10_100.sl,EUSolver,5.55968,correct,16
ICFP/10_1000.sl,EUSolver,10.1831,correct,14
ICFP/100_10.sl,EUSolver,0.848397,correct,12
ICFP/100_100.sl,EUSolver,1.07699,correct,12
ICFP/100_1000.sl,EUSolver,3.37163,correct,12
ICFP/101_10.sl,EUSolver,2.53462,correct,39
ICFP/101_100.sl,EUSolver,198.166,correct,167
ICFP/101_1000.sl,EUSolver,279.63,correct,113
ICFP/102_10.sl,EUSolver,1.83027,correct,14
ICFP/102_100.sl,EUSolver,2.26969,correct,14
ICFP/102_1000.sl,EUSolver,5.3569,correct,14
ICFP/103_10.sl,EUSolver,3.44753,correct,39
ICFP/103_100.sl,EUSolver,6.43691,correct,29
ICFP/103_1000.sl,EUSolver,5.30142,correct,27
ICFP/104_10.sl,EUSolver,0.848246,correct,15
ICFP/104_100.sl,EUSolver,0.9469,correct,15
ICFP/104_1000.sl,EUSolver,3.99168,correct,15
ICFP/105_10.sl,EUSolver,0.837429,correct,13
ICFP/105_100.sl,EUSolver,1.09913,correct,13
ICFP/105_1000.sl,EUSolver,3.61843,correct,13
ICFP/106_10.sl,EUSolver,3.80383,correct,18
ICFP/106_100.sl,EUSolver,5.6626,correct,16
ICFP/106_1000.sl,EUSolver,6.08244,correct,17
ICFP/107_10.sl,EUSolver,1.52633,correct,30
ICFP/107_100.sl,EUSolver,1.78898,correct,22
ICFP/107_1000.sl,EUSolver,4.49381,correct,21
ICFP/108_10.sl,EUSolver,3.68413,correct,67
ICFP/108_100.sl,EUSolver,242.536,correct,243
ICFP/108_1000.sl,EUSolver,75.5205,correct,80
ICFP/109_10.sl,EUSolver,13.8919,correct,16
ICFP/109_100.sl,EUSolver,15.243,correct,16
ICFP/109_1000.sl,EUSolver,15.5097,correct,16
ICFP/11_10.sl,EUSolver,0.634878,correct,8
ICFP/11_100.sl,EUSolver,0.848495,correct,8
ICFP/11_1000.sl,EUSolver,2.99946,correct,8
ICFP/110_10.sl,EUSolver,5.24351,correct,25
ICFP/110_100.sl,EUSolver,7.95462,correct,29
ICFP/110_1000.sl,EUSolver,10.1195,correct,28
ICFP/111_10.sl,EUSolver,0.662662,correct,9
ICFP/111_100.sl,EUSolver,0.881568,correct,9
ICFP/111_1000.sl,EUSolver,3.0917,correct,9
ICFP/112_10.sl,EUSolver,0.628339,correct,4
ICFP/112_100.sl,EUSolver,0.844882,correct,4
ICFP/112_1000.sl,EUSolver,3.00313,correct,4
ICFP/113_10.sl,EUSolver,0.65896,correct,10
ICFP/113_100.sl,EUSolver,0.879058,correct,10
ICFP/113_1000.sl,EUSolver,3.15759,correct,10
ICFP/114_10.sl,EUSolver,1.35386,correct,18
ICFP/114_100.sl,EUSolver,2.5034,correct,18
ICFP/114_1000.sl,EUSolver,5.03711,correct,18
ICFP/115_10.sl,EUSolver,0.674166,correct,10
ICFP/115_100.sl,EUSolver,0.887461,correct,10
ICFP/115_1000.sl,EUSolver,3.11641,correct,10
ICFP/116_10.sl,EUSolver,0.835228,correct,19
ICFP/116_100.sl,EUSolver,1.26634,correct,19
ICFP/116_1000.sl,EUSolver,4.22338,correct,19
ICFP/117_10.sl,EUSolver,0.730727,correct,18
ICFP/117_100.sl,EUSolver,0.996022,correct,11
ICFP/117_1000.sl,EUSolver,3.27613,correct,11
ICFP/118_10.sl,EUSolver,1.93162,correct,30
ICFP/118_100.sl,EUSolver,4.06513,correct,33
ICFP/118_1000.sl,EUSolver,4.85248,correct,27
ICFP/119_10.sl,EUSolver,0.782461,correct,14
ICFP/119_100.sl,EUSolver,1.03005,correct,14
ICFP/119_1000.sl,EUSolver,3.29248,correct,14
ICFP/12_10.sl,EUSolver,1.10863,correct,20
ICFP/12_100.sl,EUSolver,1.58959,correct,19
ICFP/12_1000.sl,EUSolver,4.38536,correct,19
ICFP/120_10.sl,EUSolver,0.613973,correct,1
ICFP/120_100.sl,EUSolver,0.816658,correct,1
ICFP/120_1000.sl,EUSolver,2.88095,correct,1
ICFP/121_10.sl,EUSolver,49.7196,correct,39
ICFP/121_100.sl,EUSolver,114.92,correct,35
ICFP/121_1000.sl,EUSolver,98.3574,correct,33
ICFP/122_10.sl,EUSolver,0.770083,correct,11
ICFP/122_100.sl,EUSolver,1.094,correct,11
ICFP/122_1000.sl,EUSolver,3.27917,correct,11
ICFP/123_10.sl,EUSolver,0.663027,correct,9
ICFP/123_100.sl,EUSolver,0.877775,correct,9
ICFP/123_1000.sl,EUSolver,3.07798,correct,9
ICFP/124_10.sl,EUSolver,1.62697,correct,14
ICFP/124_100.sl,EUSolver,1.57544,correct,14
ICFP/124_1000.sl,EUSolver,4.57329,correct,14
ICFP/125_10.sl,EUSolver,3.89845,correct,18
ICFP/125_100.sl,EUSolver,5.73431,correct,18
ICFP/125_1000.sl,EUSolver,4.31924,correct,17
ICFP/126_10.sl,EUSolver,3.74108,correct,25
ICFP/126_100.sl,EUSolver,3.17323,correct,25
ICFP/126_1000.sl,EUSolver,11.6605,correct,23
ICFP/127_10.sl,EUSolver,0.71662,correct,10
ICFP/127_100.sl,EUSolver,0.935955,correct,10
ICFP/127_1000.sl,EUSolver,3.14915,correct,10
ICFP/128_10.sl,EUSolver,190.7,correct,30
ICFP/128_100.sl,EUSolver,214.427,correct,29
ICFP/128_1000.sl,EUSolver,205.956,correct,28
ICFP/129_10.sl,EUSolver,0.629119,correct,4
ICFP/129_100.sl,EUSolver,0.844929,correct,4
ICFP/129_1000.sl,EUSolver,2.98925,correct,4
ICFP/13_10.sl,EUSolver,1.82975,correct,22
ICFP/13_100.sl,EUSolver,380.124,correct,169
ICFP/13_1000.sl,EUSolver,3600.03,unsolved,0
ICFP/130_10.sl,EUSolver,3.15835,correct,31
ICFP/130_100.sl,EUSolver,2.30759,correct,31
ICFP/130_1000.sl,EUSolver,4.66697,correct,30
ICFP/131_10.sl,EUSolver,0.904742,correct,19
ICFP/131_100.sl,EUSolver,1.18495,correct,20
ICFP/131_1000.sl,EUSolver,3.89035,correct,12
ICFP/132_10.sl,EUSolver,2.77969,correct,47
ICFP/132_100.sl,EUSolver,16.3068,correct,12
ICFP/132_1000.sl,EUSolver,13.822,correct,12
ICFP/133_10.sl,EUSolver,0.845175,correct,15
ICFP/133_100.sl,EUSolver,1.74737,correct,17
ICFP/133_1000.sl,EUSolver,3.95043,correct,17
ICFP/134_10.sl,EUSolver,1.59466,correct,38
ICFP/134_100.sl,EUSolver,7.83164,correct,37
ICFP/134_1000.sl,EUSolver,10.1336,correct,32
ICFP/135_10.sl,EUSolver,0.820614,correct,12
ICFP/135_100.sl,EUSolver,1.13558,correct,12
ICFP/135_1000.sl,EUSolver,3.36889,correct,12
ICFP/136_10.sl,EUSolver,1.35981,correct,28
ICFP/136_100.sl,EUSolver,3.1697,correct,29
ICFP/136_1000.sl,EUSolver,5.21457,correct,28
ICFP/137_10.sl,EUSolver,0.703396,correct,12
ICFP/137_100.sl,EUSolver,0.925422,correct,12
ICFP/137_1000.sl,EUSolver,3.16913,correct,12
ICFP/138_10.sl,EUSolver,1.54389,correct,12
ICFP/138_100.sl,EUSolver,1.34649,correct,12
ICFP/138_1000.sl,EUSolver,5.56984,correct,12
ICFP/139_10.sl,EUSolver,0.65919,correct,9
ICFP/139_100.sl,EUSolver,0.881581,correct,9
ICFP/139_1000.sl,EUSolver,3.02787,correct,9
ICFP/14_10.sl,EUSolver,3.13207,correct,46
ICFP/14_100.sl,EUSolver,6.38046,correct,38
ICFP/14_1000.sl,EUSolver,10.9285,correct,36
ICFP/140_10.sl,EUSolver,2.0374,correct,32
ICFP/140_100.sl,EUSolver,35.4257,correct,62
ICFP/140_1000.sl,EUSolver,414.086,correct,156
ICFP/141_10.sl,EUSolver,3600.08,unsolved,0
ICFP/141_100.sl,EUSolver,3094.01,correct,21
ICFP/141_1000.sl,EUSolver,3600.02,unsolved,0
ICFP/142_10.sl,EUSolver,0.713418,correct,12
ICFP/142_100.sl,EUSolver,0.926115,correct,12
ICFP/142_1000.sl,EUSolver,3.16063,correct,12
ICFP/143_10.sl,EUSolver,0.825408,correct,14
ICFP/143_100.sl,EUSolver,1.32978,correct,15
ICFP/143_1000.sl,EUSolver,3.94988,correct,15
ICFP/144_10.sl,EUSolver,1.12484,correct,29
ICFP/144_100.sl,EUSolver,10.3186,correct,31
ICFP/144_1000.sl,EUSolver,16.7642,correct,31
ICFP/145_10.sl,EUSolver,1.38841,correct,42
ICFP/145_100.sl,EUSolver,4.24816,correct,19
ICFP/145_1000.sl,EUSolver,7.85227,correct,18
ICFP/146_10.sl,EUSolver,2.36972,correct,28
ICFP/146_100.sl,EUSolver,214.809,correct,229
ICFP/146_1000.sl,EUSolver,1268.85,correct,40
ICFP/147_10.sl,EUSolver,0.709896,correct,11
ICFP/147_100.sl,EUSolver,0.930329,correct,11
ICFP/147_1000.sl,EUSolver,3.21816,correct,11
ICFP/148_10.sl,EUSolver,2.15738,correct,35
ICFP/148_100.sl,EUSolver,2.0184,correct,33
ICFP/148_1000.sl,EUSolver,8.15014,correct,36
ICFP/149_10.sl,EUSolver,0.654262,correct,10
ICFP/149_100.sl,EUSolver,0.871693,correct,10
ICFP/149_1000.sl,EUSolver,3.10717,correct,10
ICFP/15_10.sl,EUSolver,1.62274,correct,37
ICFP/15_100.sl,EUSolver,9.94596,correct,11
ICFP/15_1000.sl,EUSolver,12.9952,correct,11
ICFP/150_10.sl,EUSolver,1.03906,correct,37
ICFP/150_100.sl,EUSolver,7.86382,correct,57
ICFP/150_1000.sl,EUSolver,13.8908,correct,48
ICFP/16_10.sl,EUSolver,0.931637,correct,24
ICFP/16_100.sl,EUSolver,1.25587,correct,24
ICFP/16_1000.sl,EUSolver,3.73229,correct,23
ICFP/17_10.sl,EUSolver,0.632944,correct,9
ICFP/17_100.sl,EUSolver,0.856122,correct,9
ICFP/17_1000.sl,EUSolver,3.03406,correct,9
ICFP/18_10.sl,EUSolver,1.34821,correct,23
ICFP/18_100.sl,EUSolver,1.76032,correct,24
ICFP/18_1000.sl,EUSolver,4.74669,correct,23
ICFP/19_10.sl,EUSolver,0.805134,correct,10
ICFP/19_100.sl,EUSolver,1.00416,correct,12
ICFP/19_1000.sl,EUSolver,3.42791,correct,12
ICFP/2_10.sl,EUSolver,3.90865,correct,32
ICFP/2_100.sl,EUSolver,339.609,correct,15
ICFP/2_1000.sl,EUSolver,352.146,correct,15
ICFP/20_10.sl,EUSolver,0.853109,correct,25
ICFP/20_100.sl,EUSolver,9.89923,correct,21
ICFP/20_1000.sl,EUSolver,17.2948,correct,20
ICFP/21_10.sl,EUSolver,0.908614,correct,18
ICFP/21_100.sl,EUSolver,1.1958,correct,19
ICFP/21_1000.sl,EUSolver,3.89426,correct,18
ICFP/22_10.sl,EUSolver,0.935274,correct,10
ICFP/22_100.sl,EUSolver,1.13622,correct,10
ICFP/22_1000.sl,EUSolver,3.59643,correct,10
ICFP/23_10.sl,EUSolver,0.752567,correct,11
ICFP/23_100.sl,EUSolver,1.31971,correct,21
ICFP/23_1000.sl,EUSolver,3.50559,correct,21
ICFP/24_10.sl,EUSolver,3.4582,correct,44
ICFP/24_100.sl,EUSolver,175.09,correct,204
ICFP/24_1000.sl,EUSolver,3600.08,unsolved,0
ICFP/25_10.sl,EUSolver,0.841964,correct,19
ICFP/25_100.sl,EUSolver,1.75605,correct,20
ICFP/25_1000.sl,EUSolver,7.29159,correct,28
ICFP/26_10.sl,EUSolver,0.910489,correct,14
ICFP/26_100.sl,EUSolver,1.02946,correct,14
ICFP/26_1000.sl,EUSolver,3.71597,correct,14
ICFP/27_10.sl,EUSolver,0.684896,correct,11
ICFP/27_100.sl,EUSolver,103.594,correct,133
ICFP/27_1000.sl,EUSolver,1154.91,correct,310
ICFP/28_10.sl,EUSolver,0.623721,correct,2
ICFP/28_100.sl,EUSolver,0.828669,correct,2
ICFP/28_1000.sl,EUSolver,2.92664,correct,2
ICFP/29_10.sl,EUSolver,1.34216,correct,20
ICFP/29_100.sl,EUSolver,0.992436,correct,20
ICFP/29_1000.sl,EUSolver,3.71792,correct,20
ICFP/3_10.sl,EUSolver,0.698019,correct,9
ICFP/3_100.sl,EUSolver,0.963351,correct,9
ICFP/3_1000.sl,EUSolver,3.13825,correct,9
ICFP/30_10.sl,EUSolver,1.10651,correct,13
ICFP/30_100.sl,EUSolver,1.39817,correct,23
ICFP/30_1000.sl,EUSolver,5.477,correct,23
ICFP/31_10.sl,EUSolver,0.707551,correct,12
ICFP/31_100.sl,EUSolver,1.06359,correct,12
ICFP/31_1000.sl,EUSolver,3.332,correct,12
ICFP/32_10.sl,EUSolver,0.767585,correct,13
ICFP/32_100.sl,EUSolver,0.94165,correct,13
ICFP/32_1000.sl,EUSolver,3.26786,correct,13
ICFP/33_10.sl,EUSolver,0.935232,correct,8
ICFP/33_100.sl,EUSolver,1.2161,correct,8
ICFP/33_1000.sl,EUSolver,3.07235,correct,8
ICFP/34_10.sl,EUSolver,0.740201,correct,20
ICFP/34_100.sl,EUSolver,0.985528,correct,21
ICFP/34_1000.sl,EUSolver,3.81785,correct,20
ICFP/35_10.sl,EUSolver,1.48138,correct,21
ICFP/35_100.sl,EUSolver,5.12036,correct,22
ICFP/35_1000.sl,EUSolver,6.62906,correct,21
ICFP/36_10.sl,EUSolver,1.12047,correct,23
ICFP/36_100.sl,EUSolver,1.69481,correct,24
ICFP/36_1000.sl,EUSolver,3.80512,correct,23
ICFP/37_10.sl,EUSolver,1.07242,correct,14
ICFP/37_100.sl,EUSolver,1.16803,correct,14
ICFP/37_1000.sl,EUSolver,3.44491,correct,14
ICFP/38_10.sl,EUSolver,0.915835,correct,17
ICFP/38_100.sl,EUSolver,1.8734,correct,24
ICFP/38_1000.sl,EUSolver,3.99572,correct,24
ICFP/39_10.sl,EUSolver,0.885829,correct,11
ICFP/39_100.sl,EUSolver,1.01863,correct,11
ICFP/39_1000.sl,EUSolver,3.55186,correct,11
ICFP/4_10.sl,EUSolver,0.638333,correct,7
ICFP/4_100.sl,EUSolver,0.853803,correct,7
ICFP/4_1000.sl,EUSolver,2.99465,correct,7
ICFP/40_10.sl,EUSolver,6.8668,correct,55
ICFP/40_100.sl,EUSolver,400.149,correct,468
ICFP/40_1000.sl,EUSolver,3600.05,unsolved,0
ICFP/41_10.sl,EUSolver,0.734511,correct,12
ICFP/41_100.sl,EUSolver,0.961905,correct,12
ICFP/41_1000.sl,EUSolver,3.30428,correct,12
ICFP/42_10.sl,EUSolver,0.655319,correct,10
ICFP/42_100.sl,EUSolver,0.878985,correct,10
ICFP/42_1000.sl,EUSolver,3.17818,correct,10
ICFP/43_10.sl,EUSolver,1.04356,correct,22
ICFP/43_100.sl,EUSolver,2.14361,correct,22
ICFP/43_1000.sl,EUSolver,3.96604,correct,22
ICFP/44_10.sl,EUSolver,0.617224,correct,2
ICFP/44_100.sl,EUSolver,0.828388,correct,2
ICFP/44_1000.sl,EUSolver,2.93097,correct,2
ICFP/45_10.sl,EUSolver,0.641701,correct,8
ICFP/45_100.sl,EUSolver,0.861069,correct,8
ICFP/45_1000.sl,EUSolver,2.99287,correct,8
ICFP/46_10.sl,EUSolver,0.664388,correct,9
ICFP/46_100.sl,EUSolver,0.884552,correct,9
ICFP/46_1000.sl,EUSolver,3.12566,correct,9
ICFP/47_10.sl,EUSolver,2.01375,correct,15
ICFP/47_100.sl,EUSolver,3.11491,correct,15
ICFP/47_1000.sl,EUSolver,6.89302,correct,15
ICFP/48_10.sl,EUSolver,1.23649,correct,20
ICFP/48_100.sl,EUSolver,1.45399,correct,20
ICFP/48_1000.sl,EUSolver,3.82758,correct,20
ICFP/49_10.sl,EUSolver,0.661555,correct,10
ICFP/49_100.sl,EUSolver,0.886667,correct,10
ICFP/49_1000.sl,EUSolver,3.10441,correct,10
ICFP/5_10.sl,EUSolver,1.06052,correct,16
ICFP/5_100.sl,EUSolver,1.12474,correct,17
ICFP/5_1000.sl,EUSolver,3.53537,correct,16
ICFP/50_10.sl,EUSolver,5.11582,correct,52
ICFP/50_100.sl,EUSolver,10.548,correct,14
ICFP/50_1000.sl,EUSolver,9.35178,correct,14
ICFP/51_10.sl,EUSolver,0.675948,correct,10
ICFP/51_100.sl,EUSolver,0.964768,correct,10
ICFP/51_1000.sl,EUSolver,3.11788,correct,10
ICFP/52_10.sl,EUSolver,0.674227,correct,9
ICFP/52_100.sl,EUSolver,0.924817,correct,9
ICFP/52_1000.sl,EUSolver,3.74978,correct,9
ICFP/53_10.sl,EUSolver,0.669652,correct,10
ICFP/53_100.sl,EUSolver,0.910189,correct,10
ICFP/53_1000.sl,EUSolver,3.16292,correct,10
ICFP/54_10.sl,EUSolver,0.678217,correct,10
ICFP/54_100.sl,EUSolver,0.877347,correct,10
ICFP/54_1000.sl,EUSolver,3.10013,correct,10
ICFP/55_10.sl,EUSolver,0.635499,correct,8
ICFP/55_100.sl,EUSolver,0.858682,correct,8
ICFP/55_1000.sl,EUSolver,3.03532,correct,8
ICFP/56_10.sl,EUSolver,1.35007,correct,20
ICFP/56_100.sl,EUSolver,7.70436,correct,46
ICFP/56_1000.sl,EUSolver,18.8748,correct,65
ICFP/57_10.sl,EUSolver,1.83761,correct,22
ICFP/57_100.sl,EUSolver,126.984,correct,114
ICFP/57_1000.sl,EUSolver,3600.06,unsolved,0
ICFP/58_10.sl,EUSolver,2.57415,correct,43
ICFP/58_100.sl,EUSolver,57.4779,correct,135
ICFP/58_1000.sl,EUSolver,63.6056,correct,149
ICFP/59_10.sl,EUSolver,1.5766,correct,14
ICFP/59_100.sl,EUSolver,2.10566,correct,19
ICFP/59_1000.sl,EUSolver,4.40386,correct,19
ICFP/6_10.sl,EUSolver,0.816876,correct,13
ICFP/6_100.sl,EUSolver,0.979776,correct,13
ICFP/6_1000.sl,EUSolver,3.40458,correct,13
ICFP/60_10.sl,EUSolver,2.62547,correct,38
ICFP/60_100.sl,EUSolver,3.75688,correct,12
ICFP/60_1000.sl,EUSolver,3.84217,correct,12
ICFP/61_10.sl,EUSolver,0.896194,correct,26
ICFP/61_100.sl,EUSolver,1.09928,correct,25
ICFP/61_1000.sl,EUSolver,5.68362,correct,31
ICFP/62_10.sl,EUSolver,1.09588,correct,21
ICFP/62_100.sl,EUSolver,1.63053,correct,14
ICFP/62_1000.sl,EUSolver,4.20446,correct,14
ICFP/63_10.sl,EUSolver,0.786518,correct,20
ICFP/63_100.sl,EUSolver,1.14473,correct,21
ICFP/63_1000.sl,EUSolver,3.47062,correct,20
ICFP/64_10.sl,EUSolver,0.986632,correct,19
ICFP/64_100.sl,EUSolver,1.7253,correct,29
ICFP/64_1000.sl,EUSolver,4.13155,correct,29
ICFP/65_10.sl,EUSolver,2.13899,correct,18
ICFP/65_100.sl,EUSolver,1.36466,correct,17
ICFP/65_1000.sl,EUSolver,4.13342,correct,17
ICFP/66_10.sl,EUSolver,0.854531,correct,18
ICFP/66_100.sl,EUSolver,5.54986,correct,38
ICFP/66_1000.sl,EUSolver,12.8645,correct,40
ICFP/67_10.sl,EUSolver,22.8525,correct,26
ICFP/67_100.sl,EUSolver,18.648,correct,27
ICFP/67_1000.sl,EUSolver,26.8479,correct,27
ICFP/68_10.sl,EUSolver,1.13822,correct,23
ICFP/68_100.sl,EUSolver,2.19761,correct,25
ICFP/68_1000.sl,EUSolver,19.8042,correct,58
ICFP/69_10.sl,EUSolver,0.751204,correct,10
ICFP/69_100.sl,EUSolver,1.2251,correct,10
ICFP/69_1000.sl,EUSolver,3.3014,correct,10
ICFP/7_10.sl,EUSolver,0.818159,correct,15
ICFP/7_100.sl,EUSolver,9.82429,correct,21
ICFP/7_1000.sl,EUSolver,10.7286,correct,23
ICFP/70_10.sl,EUSolver,0.720602,correct,16
ICFP/70_100.sl,EUSolver,0.962209,correct,16
ICFP/70_1000.sl,EUSolver,3.44152,correct,16
ICFP/71_10.sl,EUSolver,7.79544,correct,14
ICFP/71_100.sl,EUSolver,8.09806,correct,14
ICFP/71_1000.sl,EUSolver,7.63227,correct,14
ICFP/72_10.sl,EUSolver,0.924988,correct,12
ICFP/72_100.sl,EUSolver,1.1818,correct,12
ICFP/72_1000.sl,EUSolver,3.71481,correct,12
ICFP/73_10.sl,EUSolver,0.731663,correct,16
ICFP/73_100.sl,EUSolver,1.10775,correct,16
ICFP/73_1000.sl,EUSolver,3.48397,correct,16
ICFP/74_10.sl,EUSolver,3.01971,correct,27
ICFP/74_100.sl,EUSolver,1.59189,correct,26
ICFP/74_1000.sl,EUSolver,5.4228,correct,28
ICFP/75_10.sl,EUSolver,0.700942,correct,11
ICFP/75_100.sl,EUSolver,1.03716,correct,11
ICFP/75_1000.sl,EUSolver,3.34052,correct,11
ICFP/76_10.sl,EUSolver,0.715146,correct,5
ICFP/76_100.sl,EUSolver,0.897904,correct,5
ICFP/76_1000.sl,EUSolver,3.24189,correct,5
ICFP/77_10.sl,EUSolver,44.3823,correct,29
ICFP/77_100.sl,EUSolver,100.778,correct,39
ICFP/77_1000.sl,EUSolver,145.994,correct,41
ICFP/78_10.sl,EUSolver,0.931522,correct,11
ICFP/78_100.sl,EUSolver,1.03127,correct,11
ICFP/78_1000.sl,EUSolver,3.37555,correct,11
ICFP/79_10.sl,EUSolver,36.759,correct,16
ICFP/79_100.sl,EUSolver,48.8067,correct,16
ICFP/79_1000.sl,EUSolver,39.2338,correct,16
ICFP/8_10.sl,EUSolver,1.10101,correct,16
ICFP/8_100.sl,EUSolver,1.49115,correct,16
ICFP/8_1000.sl,EUSolver,4.64159,correct,16
ICFP/80_10.sl,EUSolver,4.08869,correct,50
ICFP/80_100.sl,EUSolver,4.80096,correct,16
ICFP/80_1000.sl,EUSolver,4.7535,correct,16
ICFP/81_10.sl,EUSolver,0.849872,correct,19
ICFP/81_100.sl,EUSolver,2.56009,correct,36
ICFP/81_1000.sl,EUSolver,4.03891,correct,22
ICFP/82_10.sl,EUSolver,3.16577,correct,16
ICFP/82_100.sl,EUSolver,2.58276,correct,16
ICFP/82_1000.sl,EUSolver,7.07732,correct,16
ICFP/83_10.sl,EUSolver,30.9055,correct,16
ICFP/83_100.sl,EUSolver,53.7507,correct,16
ICFP/83_1000.sl,EUSolver,59.4162,correct,16
ICFP/84_10.sl,EUSolver,3.9565,correct,40
ICFP/84_100.sl,EUSolver,9.13638,correct,30
ICFP/84_1000.sl,EUSolver,306.354,correct,66
ICFP/85_10.sl,EUSolver,0.643708,correct,9
ICFP/85_100.sl,EUSolver,0.869663,correct,9
ICFP/85_1000.sl,EUSolver,3.04687,correct,9
ICFP/86_10.sl,EUSolver,0.81096,correct,13
ICFP/86_100.sl,EUSolver,1.11351,correct,13
ICFP/86_1000.sl,EUSolver,3.91445,correct,13
ICFP/87_10.sl,EUSolver,0.89117,correct,17
ICFP/87_100.sl,EUSolver,1.36103,correct,25
ICFP/87_1000.sl,EUSolver,3.90865,correct,25
ICFP/88_10.sl,EUSolver,3.83018,correct,14
ICFP/88_100.sl,EUSolver,5.86503,correct,23
ICFP/88_1000.sl,EUSolver,9.14519,correct,14
ICFP/89_10.sl,EUSolver,2.40728,correct,49
ICFP/89_100.sl,EUSolver,308.197,correct,406
ICFP/89_1000.sl,EUSolver,3600.06,unsolved,0
ICFP/9_10.sl,EUSolver,13.584,correct,14
ICFP/9_100.sl,EUSolver,14.1848,correct,14
ICFP/9_1000.sl,EUSolver,10.3847,correct,14
ICFP/90_10.sl,EUSolver,0.744602,correct,12
ICFP/90_100.sl,EUSolver,1.00324,correct,16
ICFP/90_1000.sl,EUSolver,3.36884,correct,16
ICFP/91_10.sl,EUSolver,0.709968,correct,15
ICFP/91_100.sl,EUSolver,1.08487,correct,14
ICFP/91_1000.sl,EUSolver,3.65591,correct,14
ICFP/92_10.sl,EUSolver,210.65,correct,26
ICFP/92_100.sl,EUSolver,255.98,correct,24
ICFP/92_1000.sl,EUSolver,494.003,correct,25
ICFP/93_10.sl,EUSolver,0.961906,correct,20
ICFP/93_100.sl,EUSolver,1.23752,correct,20
ICFP/93_1000.sl,EUSolver,3.75965,correct,19
ICFP/94_10.sl,EUSolver,1.00172,correct,16
ICFP/94_100.sl,EUSolver,1.09938,correct,16
ICFP/94_1000.sl,EUSolver,3.30168,correct,16
ICFP/95_10.sl,EUSolver,0.692122,correct,7
ICFP/95_100.sl,EUSolver,190.698,correct,21
ICFP/95_1000.sl,EUSolver,343.613,correct,21
ICFP/96_10.sl,EUSolver,4.02697,correct,48
ICFP/96_100.sl,EUSolver,12.1484,correct,42
ICFP/96_1000.sl,EUSolver,18.201,correct,43
ICFP/97_10.sl,EUSolver,0.828294,correct,18
ICFP/97_100.sl,EUSolver,1.05859,correct,14
ICFP/97_1000.sl,EUSolver,3600.11,unsolved,0
ICFP/98_10.sl,EUSolver,2.0264,correct,28
ICFP/98_100.sl,EUSolver,224.19,correct,396
ICFP/98_1000.sl,EUSolver,258.23,correct,21
ICFP/99_10.sl,EUSolver,1.59046,correct,16
ICFP/99_100.sl,EUSolver,1.41844,correct,17
ICFP/99_1000.sl,EUSolver,3.95295,correct,16
tests/univ_5-long-repeat.sl,EUSolver,0.638304,smt_issues
tests/initials-long-repeat.sl,EUSolver,3600.11,--
tests/phone-2-long-repeat.sl,EUSolver,2.01192,correct
tests/bikes.sl,EUSolver,1.60356,correct
tests/reverse-name_short.sl,EUSolver,0.59608,correct
tests/univ_2_short.sl,EUSolver,0.575233,smt_issues
tests/phone-6-long-repeat.sl,EUSolver,3600.02,--
tests/name-combine-2_short.sl,EUSolver,5.88647,correct
tests/name-combine-3-long-repeat.sl,EUSolver,5.38054,correct
tests/phone-7.sl,EUSolver,3600.11,--
tests/phone-5-long-repeat.sl,EUSolver,8.97398,wrong
tests/name-combine_short.sl,EUSolver,0.595659,correct
tests/univ_4-long-repeat.sl,EUSolver,0.643791,smt_issues
tests/phone-5_short.sl,EUSolver,2.125,wrong
tests/lastname_small.sl,EUSolver,1.20108,correct
tests/phone-6.sl,EUSolver,3600.09,--
tests/lastname.sl,EUSolver,3.4677,correct
tests/univ_1.sl,EUSolver,0.576213,smt_issues
tests/univ_3-long.sl,EUSolver,0.611184,smt_issues
tests/phone-8_short.sl,EUSolver,3.90015,correct
tests/phone-4-long.sl,EUSolver,3.6751,correct
tests/phone-10.sl,EUSolver,3600.02,--
tests/phone-3_short.sl,EUSolver,2.38577,wrong
tests/univ_5.sl,EUSolver,0.585495,smt_issues
tests/phone-1_short.sl,EUSolver,0.673043,wrong
tests/phone-9-long-repeat.sl,EUSolver,3600.03,--
tests/phone-5.sl,EUSolver,5.68163,wrong
tests/phone-7-long-repeat.sl,EUSolver,3600.03,--
tests/univ_4_short.sl,EUSolver,0.584228,smt_issues
tests/phone-10-long.sl,EUSolver,3600.09,--
tests/phone-8.sl,EUSolver,34.1695,correct
tests/univ_2.sl,EUSolver,0.579723,smt_issues
tests/reverse-name-long-repeat.sl,EUSolver,1.11825,correct
tests/firstname-long-repeat.sl,EUSolver,1.24756,correct
tests/name-combine-4_short.sl,EUSolver,3600.09,--
tests/initials-long.sl,EUSolver,3600.03,--
tests/univ_2-long-repeat.sl,EUSolver,0.728885,smt_issues
tests/name-combine-3.sl,EUSolver,4.71878,correct
tests/firstname_small.sl,EUSolver,0.645435,correct
tests/phone-4-long-repeat.sl,EUSolver,4.45274,correct
tests/phone-9-long.sl,EUSolver,3600.11,--
tests/univ_1_short.sl,EUSolver,0.573776,smt_issues
tests/univ_6.sl,EUSolver,0.594866,smt_issues
tests/bikes-long.sl,EUSolver,1.81463,correct
tests/univ_1-long.sl,EUSolver,0.608943,smt_issues
tests/phone-3-long.sl,EUSolver,11.0208,wrong
tests/phone-10_short.sl,EUSolver,3600.02,--
tests/lastname-long.sl,EUSolver,3.47549,correct
tests/phone-3-long-repeat.sl,EUSolver,10.7811,wrong
tests/univ_3.sl,EUSolver,0.590802,smt_issues
tests/dr-name-long.sl,EUSolver,3600.03,--
tests/name-combine-3_short.sl,EUSolver,2.06244,correct
tests/phone-4_short.sl,EUSolver,2.03498,correct
tests/phone-8-long-repeat.sl,EUSolver,18.9515,correct
tests/bikes_small.sl,EUSolver,2.49181,correct
tests/phone-2.sl,EUSolver,1.14742,correct
tests/univ_4-long.sl,EUSolver,0.650566,smt_issues
tests/phone-10-long-repeat.sl,EUSolver,3600.02,--
tests/phone-2_short.sl,EUSolver,0.744898,correct
tests/phone-7-long.sl,EUSolver,3600.03,--
tests/initials.sl,EUSolver,3600.02,--
tests/phone-long.sl,EUSolver,0.817827,correct
tests/name-combine-long.sl,EUSolver,0.717133,correct
tests/dr-name-long-repeat.sl,EUSolver,3600.02,--
tests/name-combine-2-long.sl,EUSolver,6.78043,correct
tests/name-combine-4-long-repeat.sl,EUSolver,3600.03,--
tests/reverse-name-long.sl,EUSolver,0.720456,correct
tests/phone-1-long.sl,EUSolver,0.952697,wrong
tests/univ_5-long.sl,EUSolver,0.705483,smt_issues
tests/firstname-long.sl,EUSolver,0.886062,correct
tests/univ_6-long.sl,EUSolver,0.620575,smt_issues
tests/univ_1-long-repeat.sl,EUSolver,0.631919,smt_issues
tests/univ_3-long-repeat.sl,EUSolver,0.633705,smt_issues
tests/reverse-name.sl,EUSolver,0.603184,correct
tests/univ_6-long-repeat.sl,EUSolver,0.645629,smt_issues
tests/lastname-long-repeat.sl,EUSolver,3.94525,correct
tests/phone-6-long.sl,EUSolver,3600.08,--
tests/name-combine-4.sl,EUSolver,3600.02,--
tests/phone_short.sl,EUSolver,0.600603,correct
tests/name-combine-3-long.sl,EUSolver,4.96204,correct
tests/phone-4.sl,EUSolver,3.47833,correct
tests/univ_5_short.sl,EUSolver,0.66479,smt_issues
tests/name-combine-2.sl,EUSolver,2.95321,correct
tests/phone-8-long.sl,EUSolver,18.9964,correct
tests/phone-1-long-repeat.sl,EUSolver,1.71933,wrong
tests/phone-1.sl,EUSolver,0.844431,wrong
tests/firstname.sl,EUSolver,0.898474,correct
tests/dr-name.sl,EUSolver,3600.03,--
tests/bikes-long-repeat.sl,EUSolver,2.04316,correct
tests/name-combine.sl,EUSolver,0.758268,correct
tests/phone-long-repeat.sl,EUSolver,1.53341,correct
tests/phone-5-long.sl,EUSolver,8.30986,wrong
tests/phone.sl,EUSolver,0.600872,correct
tests/phone-9_short.sl,EUSolver,3600.03,--
tests/univ_4.sl,EUSolver,0.584932,smt_issues
tests/name-combine-2-long-repeat.sl,EUSolver,16.4012,correct
tests/initials_small.sl,EUSolver,3600.02,--
tests/phone-9.sl,EUSolver,3600.03,--
tests/univ_3_short.sl,EUSolver,0.6539,smt_issues
tests/dr-name_small.sl,EUSolver,413.833,correct
tests/univ_2-long.sl,EUSolver,0.646075,smt_issues
tests/univ_6_short.sl,EUSolver,0.67715,smt_issues
tests/phone-2-long.sl,EUSolver,1.35892,correct
tests/name-combine-4-long.sl,EUSolver,3600.03,--
tests/phone-3.sl,EUSolver,10.1786,wrong
tests/phone-6_short.sl,EUSolver,3600.02,--
tests/phone-7_short.sl,EUSolver,3600.04,--
tests/name-combine-long-repeat.sl,EUSolver,1.17025,correct
PBE_BitVec/icfp_gen_1.1.sl,CVC4-1.5.1-sygus-comp-v1,3600.03,unsolved,0
PBE_BitVec/icfp_gen_1.10.sl,CVC4-1.5.1-sygus-comp-v1,3600.11,unsolved,0
PBE_BitVec/icfp_gen_1.11.sl,CVC4-1.5.1-sygus-comp-v1,3600.02,unsolved,0
PBE_BitVec/icfp_gen_1.12.sl,CVC4-1.5.1-sygus-comp-v1,3600.04,unsolved,0
PBE_BitVec/icfp_gen_1.13.sl,CVC4-1.5.1-sygus-comp-v1,3600.11,unsolved,0
PBE_BitVec/icfp_gen_1.14.sl,CVC4-1.5.1-sygus-comp-v1,3600.02,unsolved,0
PBE_BitVec/icfp_gen_1.15.sl,CVC4-1.5.1-sygus-comp-v1,3600.12,unsolved,0
PBE_BitVec/icfp_gen_1.16.sl,CVC4-1.5.1-sygus-comp-v1,3600.02,unsolved,0
PBE_BitVec/icfp_gen_1.17.sl,CVC4-1.5.1-sygus-comp-v1,3600.02,unsolved,0
PBE_BitVec/icfp_gen_1.18.sl,CVC4-1.5.1-sygus-comp-v1,3600.11,unsolved,0
PBE_BitVec/icfp_gen_1.19.sl,CVC4-1.5.1-sygus-comp-v1,3600.1,unsolved,0
PBE_BitVec/icfp_gen_1.2.sl,CVC4-1.5.1-sygus-comp-v1,3600.03,unsolved,0
PBE_BitVec/icfp_gen_1.20.sl,CVC4-1.5.1-sygus-comp-v1,3600.03,unsolved,0
PBE_BitVec/icfp_gen_1.3.sl,CVC4-1.5.1-sygus-comp-v1,3600.03,unsolved,0
PBE_BitVec/icfp_gen_1.4.sl,CVC4-1.5.1-sygus-comp-v1,3600.02,unsolved,0
PBE_BitVec/icfp_gen_1.5.sl,CVC4-1.5.1-sygus-comp-v1,3600.1,unsolved,0
PBE_BitVec/icfp_gen_1.6.sl,CVC4-1.5.1-sygus-comp-v1,3600.03,unsolved,0
PBE_BitVec/icfp_gen_1.7.sl,CVC4-1.5.1-sygus-comp-v1,3600.03,unsolved,0
PBE_BitVec/icfp_gen_1.8.sl,CVC4-1.5.1-sygus-comp-v1,3600.1,unsolved,0
PBE_BitVec/icfp_gen_1.9.sl,CVC4-1.5.1-sygus-comp-v1,3600.03,unsolved,0
PBE_BitVec/icfp_gen_10.1.sl,CVC4-1.5.1-sygus-comp-v1,3600.02,unsolved,0
PBE_BitVec/icfp_gen_10.10.sl,CVC4-1.5.1-sygus-comp-v1,3600.03,unsolved,0
PBE_BitVec/icfp_gen_10.11.sl,CVC4-1.5.1-sygus-comp-v1,3600.03,unsolved,0
PBE_BitVec/icfp_gen_10.12.sl,CVC4-1.5.1-sygus-comp-v1,3600.02,unsolved,0
PBE_BitVec/icfp_gen_10.13.sl,CVC4-1.5.1-sygus-comp-v1,3600.11,unsolved,0
PBE_BitVec/icfp_gen_10.14.sl,CVC4-1.5.1-sygus-comp-v1,3600.03,unsolved,0
PBE_BitVec/icfp_gen_10.15.sl,CVC4-1.5.1-sygus-comp-v1,3600.11,unsolved,0
PBE_BitVec/icfp_gen_10.16.sl,CVC4-1.5.1-sygus-comp-v1,3600.02,unsolved,0
PBE_BitVec/icfp_gen_10.17.sl,CVC4-1.5.1-sygus-comp-v1,3600.11,unsolved,0
PBE_BitVec/icfp_gen_10.18.sl,CVC4-1.5.1-sygus-comp-v1,3600.02,unsolved,0
PBE_BitVec/icfp_gen_10.19.sl,CVC4-1.5.1-sygus-comp-v1,3600.02,unsolved,0
PBE_BitVec/icfp_gen_10.2.sl,CVC4-1.5.1-sygus-comp-v1,3600.11,unsolved,0
PBE_BitVec/icfp_gen_10.20.sl,CVC4-1.5.1-sygus-comp-v1,3600.02,unsolved,0
PBE_BitVec/icfp_gen_10.3.sl,CVC4-1.5.1-sygus-comp-v1,3600.02,unsolved,0
PBE_BitVec/icfp_gen_10.4.sl,CVC4-1.5.1-sygus-comp-v1,3600.03,unsolved,0
PBE_BitVec/icfp_gen_10.5.sl,CVC4-1.5.1-sygus-comp-v1,3600.03,unsolved,0
PBE_BitVec/icfp_gen_10.6.sl,CVC4-1.5.1-sygus-comp-v1,3600.02,unsolved,0
PBE_BitVec/icfp_gen_10.7.sl,CVC4-1.5.1-sygus-comp-v1,3600.02,unsolved,0
PBE_BitVec/icfp_gen_10.8.sl,CVC4-1.5.1-sygus-comp-v1,3600.03,unsolved,0
PBE_BitVec/icfp_gen_10.9.sl,CVC4-1.5.1-sygus-comp-v1,3600.03,unsolved,0
PBE_BitVec/icfp_gen_11.1.sl,CVC4-1.5.1-sygus-comp-v1,3600.02,unsolved,0
PBE_BitVec/icfp_gen_11.10.sl,CVC4-1.5.1-sygus-comp-v1,3600.11,unsolved,0
PBE_BitVec/icfp_gen_11.11.sl,CVC4-1.5.1-sygus-comp-v1,3600.11,unsolved,0
PBE_BitVec/icfp_gen_11.12.sl,CVC4-1.5.1-sygus-comp-v1,3600.03,unsolved,0
PBE_BitVec/icfp_gen_11.13.sl,CVC4-1.5.1-sygus-comp-v1,3600.02,unsolved,0
PBE_BitVec/icfp_gen_11.14.sl,CVC4-1.5.1-sygus-comp-v1,3600.03,unsolved,0
PBE_BitVec/icfp_gen_11.15.sl,CVC4-1.5.1-sygus-comp-v1,3600.02,unsolved,0
PBE_BitVec/icfp_gen_11.16.sl,CVC4-1.5.1-sygus-comp-v1,3600.04,unsolved,0
PBE_BitVec/icfp_gen_11.17.sl,CVC4-1.5.1-sygus-comp-v1,3600.02,unsolved,0
PBE_BitVec/icfp_gen_11.18.sl,CVC4-1.5.1-sygus-comp-v1,3600.02,unsolved,0
PBE_BitVec/icfp_gen_11.19.sl,CVC4-1.5.1-sygus-comp-v1,3600.11,unsolved,0
PBE_BitVec/icfp_gen_11.2.sl,CVC4-1.5.1-sygus-comp-v1,3600.02,unsolved,0
PBE_BitVec/icfp_gen_11.20.sl,CVC4-1.5.1-sygus-comp-v1,3600.02,unsolved,0
PBE_BitVec/icfp_gen_11.3.sl,CVC4-1.5.1-sygus-comp-v1,3600.02,unsolved,0
PBE_BitVec/icfp_gen_11.4.sl,CVC4-1.5.1-sygus-comp-v1,3600.02,unsolved,0
PBE_BitVec/icfp_gen_11.5.sl,CVC4-1.5.1-sygus-comp-v1,3600.12,unsolved,0
PBE_BitVec/icfp_gen_11.6.sl,CVC4-1.5.1-sygus-comp-v1,0.839599,correct,2
PBE_BitVec/icfp_gen_11.7.sl,CVC4-1.5.1-sygus-comp-v1,3600.03,unsolved,0
PBE_BitVec/icfp_gen_11.8.sl,CVC4-1.5.1-sygus-comp-v1,3600.02,unsolved,0
PBE_BitVec/icfp_gen_11.9.sl,CVC4-1.5.1-sygus-comp-v1,3600.02,unsolved,0
PBE_BitVec/icfp_gen_12.1.sl,CVC4-1.5.1-sygus-comp-v1,3600.09,unsolved,0
PBE_BitVec/icfp_gen_12.10.sl,CVC4-1.5.1-sygus-comp-v1,3600.12,unsolved,0
PBE_BitVec/icfp_gen_12.11.sl,CVC4-1.5.1-sygus-comp-v1,3600.02,unsolved,0
PBE_BitVec/icfp_gen_12.12.sl,CVC4-1.5.1-sygus-comp-v1,3600.02,unsolved,0
PBE_BitVec/icfp_gen_12.13.sl,CVC4-1.5.1-sygus-comp-v1,3600.12,unsolved,0
PBE_BitVec/icfp_gen_12.14.sl,CVC4-1.5.1-sygus-comp-v1,3600.02,unsolved,0
PBE_BitVec/icfp_gen_12.15.sl,CVC4-1.5.1-sygus-comp-v1,3600.04,unsolved,0
PBE_BitVec/icfp_gen_12.16.sl,CVC4-1.5.1-sygus-comp-v1,3600.12,unsolved,0
PBE_BitVec/icfp_gen_12.17.sl,CVC4-1.5.1-sygus-comp-v1,3600.02,unsolved,0
PBE_BitVec/icfp_gen_12.18.sl,CVC4-1.5.1-sygus-comp-v1,3600.02,unsolved,0
PBE_BitVec/icfp_gen_12.19.sl,CVC4-1.5.1-sygus-comp-v1,3600.1,unsolved,0
PBE_BitVec/icfp_gen_12.2.sl,CVC4-1.5.1-sygus-comp-v1,3600.12,unsolved,0
PBE_BitVec/icfp_gen_12.20.sl,CVC4-1.5.1-sygus-comp-v1,3600.02,unsolved,0
PBE_BitVec/icfp_gen_12.3.sl,CVC4-1.5.1-sygus-comp-v1,3600.11,unsolved,0
PBE_BitVec/icfp_gen_12.4.sl,CVC4-1.5.1-sygus-comp-v1,3600.02,unsolved,0
PBE_BitVec/icfp_gen_12.5.sl,CVC4-1.5.1-sygus-comp-v1,3600.02,unsolved,0
PBE_BitVec/icfp_gen_12.6.sl,CVC4-1.5.1-sygus-comp-v1,3600.03,unsolved,0
PBE_BitVec/icfp_gen_12.7.sl,CVC4-1.5.1-sygus-comp-v1,3600.02,unsolved,0
PBE_BitVec/icfp_gen_12.8.sl,CVC4-1.5.1-sygus-comp-v1,3600.03,unsolved,0
PBE_BitVec/icfp_gen_12.9.sl,CVC4-1.5.1-sygus-comp-v1,3600.02,unsolved,0
PBE_BitVec/icfp_gen_13.1.sl,CVC4-1.5.1-sygus-comp-v1,3600.04,unsolved,0
PBE_BitVec/icfp_gen_13.10.sl,CVC4-1.5.1-sygus-comp-v1,3600.03,unsolved,0
PBE_BitVec/icfp_gen_13.11.sl,CVC4-1.5.1-sygus-comp-v1,3600.02,unsolved,0
PBE_BitVec/icfp_gen_13.12.sl,CVC4-1.5.1-sygus-comp-v1,3600.02,unsolved,0
PBE_BitVec/icfp_gen_13.13.sl,CVC4-1.5.1-sygus-comp-v1,3600.03,unsolved,0
PBE_BitVec/icfp_gen_13.14.sl,CVC4-1.5.1-sygus-comp-v1,3600.03,unsolved,0
PBE_BitVec/icfp_gen_13.15.sl,CVC4-1.5.1-sygus-comp-v1,3600.02,unsolved,0
PBE_BitVec/icfp_gen_13.16.sl,CVC4-1.5.1-sygus-comp-v1,3600.03,unsolved,0
PBE_BitVec/icfp_gen_13.17.sl,CVC4-1.5.1-sygus-comp-v1,3600.12,unsolved,0
PBE_BitVec/icfp_gen_13.18.sl,CVC4-1.5.1-sygus-comp-v1,3600.03,unsolved,0
PBE_BitVec/icfp_gen_13.19.sl,CVC4-1.5.1-sygus-comp-v1,3600.13,unsolved,0
PBE_BitVec/icfp_gen_13.2.sl,CVC4-1.5.1-sygus-comp-v1,3600.02,unsolved,0
PBE_BitVec/icfp_gen_13.20.sl,CVC4-1.5.1-sygus-comp-v1,3600.03,unsolved,0
PBE_BitVec/icfp_gen_13.3.sl,CVC4-1.5.1-sygus-comp-v1,3600.02,unsolved,0
PBE_BitVec/icfp_gen_13.4.sl,CVC4-1.5.1-sygus-comp-v1,3600.03,unsolved,0
PBE_BitVec/icfp_gen_13.5.sl,CVC4-1.5.1-sygus-comp-v1,3600.12,unsolved,0
PBE_BitVec/icfp_gen_13.6.sl,CVC4-1.5.1-sygus-comp-v1,3600.03,unsolved,0
PBE_BitVec/icfp_gen_13.7.sl,CVC4-1.5.1-sygus-comp-v1,3600.03,unsolved,0
PBE_BitVec/icfp_gen_13.8.sl,CVC4-1.5.1-sygus-comp-v1,3600.02,unsolved,0
PBE_BitVec/icfp_gen_13.9.sl,CVC4-1.5.1-sygus-comp-v1,3600.02,unsolved,0
PBE_BitVec/icfp_gen_14.1.sl,CVC4-1.5.1-sygus-comp-v1,3600.02,unsolved,0
PBE_BitVec/icfp_gen_14.10.sl,CVC4-1.5.1-sygus-comp-v1,3600.02,unsolved,0
PBE_BitVec/icfp_gen_14.11.sl,CVC4-1.5.1-sygus-comp-v1,3600.02,unsolved,0
PBE_BitVec/icfp_gen_14.12.sl,CVC4-1.5.1-sygus-comp-v1,3600.11,unsolved,0
PBE_BitVec/icfp_gen_14.13.sl,CVC4-1.5.1-sygus-comp-v1,3600.02,unsolved,0
PBE_BitVec/icfp_gen_14.14.sl,CVC4-1.5.1-sygus-comp-v1,3600.03,unsolved,0
PBE_BitVec/icfp_gen_14.15.sl,CVC4-1.5.1-sygus-comp-v1,3600.09,unsolved,0
PBE_BitVec/icfp_gen_14.16.sl,CVC4-1.5.1-sygus-comp-v1,3600.12,unsolved,0
PBE_BitVec/icfp_gen_14.17.sl,CVC4-1.5.1-sygus-comp-v1,3600.03,unsolved,0
PBE_BitVec/icfp_gen_14.18.sl,CVC4-1.5.1-sygus-comp-v1,3600.02,unsolved,0
PBE_BitVec/icfp_gen_14.19.sl,CVC4-1.5.1-sygus-comp-v1,3600.02,unsolved,0
PBE_BitVec/icfp_gen_14.2.sl,CVC4-1.5.1-sygus-comp-v1,3600.03,unsolved,0
PBE_BitVec/icfp_gen_14.20.sl,CVC4-1.5.1-sygus-comp-v1,3600.12,unsolved,0
PBE_BitVec/icfp_gen_14.3.sl,CVC4-1.5.1-sygus-comp-v1,3600.02,unsolved,0
PBE_BitVec/icfp_gen_14.4.sl,CVC4-1.5.1-sygus-comp-v1,3600.12,unsolved,0
PBE_BitVec/icfp_gen_14.5.sl,CVC4-1.5.1-sygus-comp-v1,3600.02,unsolved,0
PBE_BitVec/icfp_gen_14.6.sl,CVC4-1.5.1-sygus-comp-v1,3600.04,unsolved,0
PBE_BitVec/icfp_gen_14.7.sl,CVC4-1.5.1-sygus-comp-v1,3600.11,unsolved,0
PBE_BitVec/icfp_gen_14.8.sl,CVC4-1.5.1-sygus-comp-v1,3600.12,unsolved,0
PBE_BitVec/icfp_gen_14.9.sl,CVC4-1.5.1-sygus-comp-v1,3600.02,unsolved,0
PBE_BitVec/icfp_gen_15.1.sl,CVC4-1.5.1-sygus-comp-v1,3600.03,unsolved,0
PBE_BitVec/icfp_gen_15.10.sl,CVC4-1.5.1-sygus-comp-v1,3600.03,unsolved,0
PBE_BitVec/icfp_gen_15.11.sl,CVC4-1.5.1-sygus-comp-v1,3600.03,unsolved,0
PBE_BitVec/icfp_gen_15.12.sl,CVC4-1.5.1-sygus-comp-v1,3600.02,unsolved,0
PBE_BitVec/icfp_gen_15.13.sl,CVC4-1.5.1-sygus-comp-v1,3600.03,unsolved,0
PBE_BitVec/icfp_gen_15.14.sl,CVC4-1.5.1-sygus-comp-v1,3600.02,unsolved,0
PBE_BitVec/icfp_gen_15.15.sl,CVC4-1.5.1-sygus-comp-v1,3600.1,unsolved,0
PBE_BitVec/icfp_gen_15.16.sl,CVC4-1.5.1-sygus-comp-v1,3600.03,unsolved,0
PBE_BitVec/icfp_gen_15.17.sl,CVC4-1.5.1-sygus-comp-v1,3600.03,unsolved,0
PBE_BitVec/icfp_gen_15.18.sl,CVC4-1.5.1-sygus-comp-v1,3600.03,unsolved,0
PBE_BitVec/icfp_gen_15.19.sl,CVC4-1.5.1-sygus-comp-v1,3600.02,unsolved,0
PBE_BitVec/icfp_gen_15.2.sl,CVC4-1.5.1-sygus-comp-v1,3600.02,unsolved,0
PBE_BitVec/icfp_gen_15.20.sl,CVC4-1.5.1-sygus-comp-v1,3600.02,unsolved,0
PBE_BitVec/icfp_gen_15.3.sl,CVC4-1.5.1-sygus-comp-v1,3600.11,unsolved,0
PBE_BitVec/icfp_gen_15.4.sl,CVC4-1.5.1-sygus-comp-v1,3600.02,unsolved,0
PBE_BitVec/icfp_gen_15.5.sl,CVC4-1.5.1-sygus-comp-v1,3600.11,unsolved,0
PBE_BitVec/icfp_gen_15.6.sl,CVC4-1.5.1-sygus-comp-v1,3600.03,unsolved,0
PBE_BitVec/icfp_gen_15.7.sl,CVC4-1.5.1-sygus-comp-v1,3600.12,unsolved,0
PBE_BitVec/icfp_gen_15.8.sl,CVC4-1.5.1-sygus-comp-v1,3600.12,unsolved,0
PBE_BitVec/icfp_gen_15.9.sl,CVC4-1.5.1-sygus-comp-v1,3600.03,unsolved,0
PBE_BitVec/icfp_gen_2.1.sl,CVC4-1.5.1-sygus-comp-v1,3600.1,unsolved,0
PBE_BitVec/icfp_gen_2.10.sl,CVC4-1.5.1-sygus-comp-v1,3600.02,unsolved,0
PBE_BitVec/icfp_gen_2.11.sl,CVC4-1.5.1-sygus-comp-v1,3600.11,unsolved,0
PBE_BitVec/icfp_gen_2.12.sl,CVC4-1.5.1-sygus-comp-v1,3600.02,unsolved,0
PBE_BitVec/icfp_gen_2.13.sl,CVC4-1.5.1-sygus-comp-v1,3600.02,unsolved,0
PBE_BitVec/icfp_gen_2.14.sl,CVC4-1.5.1-sygus-comp-v1,3600.03,unsolved,0
PBE_BitVec/icfp_gen_2.15.sl,CVC4-1.5.1-sygus-comp-v1,3600.02,unsolved,0
PBE_BitVec/icfp_gen_2.16.sl,CVC4-1.5.1-sygus-comp-v1,3600.02,unsolved,0
PBE_BitVec/icfp_gen_2.17.sl,CVC4-1.5.1-sygus-comp-v1,3600.04,unsolved,0
PBE_BitVec/icfp_gen_2.18.sl,CVC4-1.5.1-sygus-comp-v1,3600.11,unsolved,0
PBE_BitVec/icfp_gen_2.19.sl,CVC4-1.5.1-sygus-comp-v1,3600.03,unsolved,0
PBE_BitVec/icfp_gen_2.2.sl,CVC4-1.5.1-sygus-comp-v1,3600.03,unsolved,0
PBE_BitVec/icfp_gen_2.20.sl,CVC4-1.5.1-sygus-comp-v1,3600.02,unsolved,0
PBE_BitVec/icfp_gen_2.3.sl,CVC4-1.5.1-sygus-comp-v1,3600.11,unsolved,0
PBE_BitVec/icfp_gen_2.4.sl,CVC4-1.5.1-sygus-comp-v1,3600.04,unsolved,0
PBE_BitVec/icfp_gen_2.5.sl,CVC4-1.5.1-sygus-comp-v1,3600.1,unsolved,0
PBE_BitVec/icfp_gen_2.6.sl,CVC4-1.5.1-sygus-comp-v1,3600.02,unsolved,0
PBE_BitVec/icfp_gen_2.7.sl,CVC4-1.5.1-sygus-comp-v1,3600.02,unsolved,0
PBE_BitVec/icfp_gen_2.8.sl,CVC4-1.5.1-sygus-comp-v1,3600.02,unsolved,0
PBE_BitVec/icfp_gen_2.9.sl,CVC4-1.5.1-sygus-comp-v1,3600.11,unsolved,0
PBE_BitVec/icfp_gen_3.1.sl,CVC4-1.5.1-sygus-comp-v1,3600.11,unsolved,0
PBE_BitVec/icfp_gen_3.10.sl,CVC4-1.5.1-sygus-comp-v1,3600.03,unsolved,0
PBE_BitVec/icfp_gen_3.11.sl,CVC4-1.5.1-sygus-comp-v1,3600.03,unsolved,0
PBE_BitVec/icfp_gen_3.12.sl,CVC4-1.5.1-sygus-comp-v1,3600.02,unsolved,0
PBE_BitVec/icfp_gen_3.13.sl,CVC4-1.5.1-sygus-comp-v1,3600.02,unsolved,0
PBE_BitVec/icfp_gen_3.14.sl,CVC4-1.5.1-sygus-comp-v1,3600.03,unsolved,0
PBE_BitVec/icfp_gen_3.15.sl,CVC4-1.5.1-sygus-comp-v1,3600.02,unsolved,0
PBE_BitVec/icfp_gen_3.16.sl,CVC4-1.5.1-sygus-comp-v1,3600.02,unsolved,0
PBE_BitVec/icfp_gen_3.17.sl,CVC4-1.5.1-sygus-comp-v1,3600.02,unsolved,0
PBE_BitVec/icfp_gen_3.18.sl,CVC4-1.5.1-sygus-comp-v1,3600.02,unsolved,0
PBE_BitVec/icfp_gen_3.19.sl,CVC4-1.5.1-sygus-comp-v1,3600.03,unsolved,0
PBE_BitVec/icfp_gen_3.2.sl,CVC4-1.5.1-sygus-comp-v1,3600.02,unsolved,0
PBE_BitVec/icfp_gen_3.20.sl,CVC4-1.5.1-sygus-comp-v1,3600.04,unsolved,0
PBE_BitVec/icfp_gen_3.3.sl,CVC4-1.5.1-sygus-comp-v1,3600.03,unsolved,0
PBE_BitVec/icfp_gen_3.4.sl,CVC4-1.5.1-sygus-comp-v1,0.371431,correct,2
PBE_BitVec/icfp_gen_3.5.sl,CVC4-1.5.1-sygus-comp-v1,3600.1,unsolved,0
PBE_BitVec/icfp_gen_3.6.sl,CVC4-1.5.1-sygus-comp-v1,3600.11,unsolved,0
PBE_BitVec/icfp_gen_3.7.sl,CVC4-1.5.1-sygus-comp-v1,3600.09,unsolved,0
PBE_BitVec/icfp_gen_3.8.sl,CVC4-1.5.1-sygus-comp-v1,3600.02,unsolved,0
PBE_BitVec/icfp_gen_3.9.sl,CVC4-1.5.1-sygus-comp-v1,3600.02,unsolved,0
PBE_BitVec/icfp_gen_4.1.sl,CVC4-1.5.1-sygus-comp-v1,3600.03,unsolved,0
PBE_BitVec/icfp_gen_4.10.sl,CVC4-1.5.1-sygus-comp-v1,3600.11,unsolved,0
PBE_BitVec/icfp_gen_4.11.sl,CVC4-1.5.1-sygus-comp-v1,3600.09,unsolved,0
PBE_BitVec/icfp_gen_4.12.sl,CVC4-1.5.1-sygus-comp-v1,3600.03,unsolved,0
PBE_BitVec/icfp_gen_4.13.sl,CVC4-1.5.1-sygus-comp-v1,3600.02,unsolved,0
PBE_BitVec/icfp_gen_4.14.sl,CVC4-1.5.1-sygus-comp-v1,3600.11,unsolved,0
PBE_BitVec/icfp_gen_4.15.sl,CVC4-1.5.1-sygus-comp-v1,3600.02,unsolved,0
PBE_BitVec/icfp_gen_4.16.sl,CVC4-1.5.1-sygus-comp-v1,3600.11,unsolved,0
PBE_BitVec/icfp_gen_4.17.sl,CVC4-1.5.1-sygus-comp-v1,3600.03,unsolved,0
PBE_BitVec/icfp_gen_4.18.sl,CVC4-1.5.1-sygus-comp-v1,3600.02,unsolved,0
PBE_BitVec/icfp_gen_4.19.sl,CVC4-1.5.1-sygus-comp-v1,3600.02,unsolved,0
PBE_BitVec/icfp_gen_4.2.sl,CVC4-1.5.1-sygus-comp-v1,3600.02,unsolved,0
PBE_BitVec/icfp_gen_4.20.sl,CVC4-1.5.1-sygus-comp-v1,3600.02,unsolved,0
PBE_BitVec/icfp_gen_4.3.sl,CVC4-1.5.1-sygus-comp-v1,3600.03,unsolved,0
PBE_BitVec/icfp_gen_4.4.sl,CVC4-1.5.1-sygus-comp-v1,3600.02,unsolved,0
PBE_BitVec/icfp_gen_4.5.sl,CVC4-1.5.1-sygus-comp-v1,3600.02,unsolved,0
PBE_BitVec/icfp_gen_4.6.sl,CVC4-1.5.1-sygus-comp-v1,3600.04,unsolved,0
PBE_BitVec/icfp_gen_4.7.sl,CVC4-1.5.1-sygus-comp-v1,3600.02,unsolved,0
PBE_BitVec/icfp_gen_4.8.sl,CVC4-1.5.1-sygus-comp-v1,3600.03,unsolved,0
PBE_BitVec/icfp_gen_4.9.sl,CVC4-1.5.1-sygus-comp-v1,3600.04,unsolved,0
PBE_BitVec/icfp_gen_5.1.sl,CVC4-1.5.1-sygus-comp-v1,3600.02,unsolved,0
PBE_BitVec/icfp_gen_5.10.sl,CVC4-1.5.1-sygus-comp-v1,3600.03,unsolved,0
PBE_BitVec/icfp_gen_5.11.sl,CVC4-1.5.1-sygus-comp-v1,3600.02,unsolved,0
PBE_BitVec/icfp_gen_5.12.sl,CVC4-1.5.1-sygus-comp-v1,3600.02,unsolved,0
PBE_BitVec/icfp_gen_5.13.sl,CVC4-1.5.1-sygus-comp-v1,3600.02,unsolved,0
PBE_BitVec/icfp_gen_5.14.sl,CVC4-1.5.1-sygus-comp-v1,3600.11,unsolved,0
PBE_BitVec/icfp_gen_5.15.sl,CVC4-1.5.1-sygus-comp-v1,3600.12,unsolved,0
PBE_BitVec/icfp_gen_5.16.sl,CVC4-1.5.1-sygus-comp-v1,3600.02,unsolved,0
PBE_BitVec/icfp_gen_5.17.sl,CVC4-1.5.1-sygus-comp-v1,3600.12,unsolved,0
PBE_BitVec/icfp_gen_5.18.sl,CVC4-1.5.1-sygus-comp-v1,3600.03,unsolved,0
PBE_BitVec/icfp_gen_5.19.sl,CVC4-1.5.1-sygus-comp-v1,3600.12,unsolved,0
PBE_BitVec/icfp_gen_5.2.sl,CVC4-1.5.1-sygus-comp-v1,3600.02,unsolved,0
PBE_BitVec/icfp_gen_5.20.sl,CVC4-1.5.1-sygus-comp-v1,3600.03,unsolved,0
PBE_BitVec/icfp_gen_5.3.sl,CVC4-1.5.1-sygus-comp-v1,3600.1,unsolved,0
PBE_BitVec/icfp_gen_5.4.sl,CVC4-1.5.1-sygus-comp-v1,3600.02,unsolved,0
PBE_BitVec/icfp_gen_5.5.sl,CVC4-1.5.1-sygus-comp-v1,3600.02,unsolved,0
PBE_BitVec/icfp_gen_5.6.sl,CVC4-1.5.1-sygus-comp-v1,3600.03,unsolved,0
PBE_BitVec/icfp_gen_5.7.sl,CVC4-1.5.1-sygus-comp-v1,3600.02,unsolved,0
PBE_BitVec/icfp_gen_5.8.sl,CVC4-1.5.1-sygus-comp-v1,3600.02,unsolved,0
PBE_BitVec/icfp_gen_5.9.sl,CVC4-1.5.1-sygus-comp-v1,3600.11,unsolved,0
PBE_BitVec/icfp_gen_6.1.sl,CVC4-1.5.1-sygus-comp-v1,3600.11,unsolved,0
PBE_BitVec/icfp_gen_6.10.sl,CVC4-1.5.1-sygus-comp-v1,3600.02,unsolved,0
PBE_BitVec/icfp_gen_6.11.sl,CVC4-1.5.1-sygus-comp-v1,3600.04,unsolved,0
PBE_BitVec/icfp_gen_6.12.sl,CVC4-1.5.1-sygus-comp-v1,32.8569,correct,4
PBE_BitVec/icfp_gen_6.13.sl,CVC4-1.5.1-sygus-comp-v1,3600.02,unsolved,0
PBE_BitVec/icfp_gen_6.14.sl,CVC4-1.5.1-sygus-comp-v1,3600.12,unsolved,0
PBE_BitVec/icfp_gen_6.15.sl,CVC4-1.5.1-sygus-comp-v1,3600.11,unsolved,0
PBE_BitVec/icfp_gen_6.16.sl,CVC4-1.5.1-sygus-comp-v1,3600.02,unsolved,0
PBE_BitVec/icfp_gen_6.17.sl,CVC4-1.5.1-sygus-comp-v1,3600.03,unsolved,0
PBE_BitVec/icfp_gen_6.18.sl,CVC4-1.5.1-sygus-comp-v1,3600.02,unsolved,0
PBE_BitVec/icfp_gen_6.19.sl,CVC4-1.5.1-sygus-comp-v1,3600.03,unsolved,0
PBE_BitVec/icfp_gen_6.2.sl,CVC4-1.5.1-sygus-comp-v1,3600.02,unsolved,0
PBE_BitVec/icfp_gen_6.20.sl,CVC4-1.5.1-sygus-comp-v1,0.0194009,correct,1
PBE_BitVec/icfp_gen_6.3.sl,CVC4-1.5.1-sygus-comp-v1,3600.03,unsolved,0
PBE_BitVec/icfp_gen_6.4.sl,CVC4-1.5.1-sygus-comp-v1,3600.02,unsolved,0
PBE_BitVec/icfp_gen_6.5.sl,CVC4-1.5.1-sygus-comp-v1,3600.04,unsolved,0
PBE_BitVec/icfp_gen_6.6.sl,CVC4-1.5.1-sygus-comp-v1,3600.11,unsolved,0
PBE_BitVec/icfp_gen_6.7.sl,CVC4-1.5.1-sygus-comp-v1,3600.04,unsolved,0
PBE_BitVec/icfp_gen_6.8.sl,CVC4-1.5.1-sygus-comp-v1,3600.04,unsolved,0
PBE_BitVec/icfp_gen_6.9.sl,CVC4-1.5.1-sygus-comp-v1,3600.03,unsolved,0
PBE_BitVec/icfp_gen_7.1.sl,CVC4-1.5.1-sygus-comp-v1,3600.03,unsolved,0
PBE_BitVec/icfp_gen_7.10.sl,CVC4-1.5.1-sygus-comp-v1,3600.11,unsolved,0
PBE_BitVec/icfp_gen_7.11.sl,CVC4-1.5.1-sygus-comp-v1,3600.12,unsolved,0
PBE_BitVec/icfp_gen_7.12.sl,CVC4-1.5.1-sygus-comp-v1,3600.03,unsolved,0
PBE_BitVec/icfp_gen_7.13.sl,CVC4-1.5.1-sygus-comp-v1,3600.03,unsolved,0
PBE_BitVec/icfp_gen_7.14.sl,CVC4-1.5.1-sygus-comp-v1,3600.07,unsolved,0
PBE_BitVec/icfp_gen_7.15.sl,CVC4-1.5.1-sygus-comp-v1,3600.03,unsolved,0
PBE_BitVec/icfp_gen_7.16.sl,CVC4-1.5.1-sygus-comp-v1,3600.03,unsolved,0
PBE_BitVec/icfp_gen_7.17.sl,CVC4-1.5.1-sygus-comp-v1,3600.11,unsolved,0
PBE_BitVec/icfp_gen_7.18.sl,CVC4-1.5.1-sygus-comp-v1,3600.11,unsolved,0
PBE_BitVec/icfp_gen_7.19.sl,CVC4-1.5.1-sygus-comp-v1,3600.02,unsolved,0
PBE_BitVec/icfp_gen_7.2.sl,CVC4-1.5.1-sygus-comp-v1,3600.03,unsolved,0
PBE_BitVec/icfp_gen_7.20.sl,CVC4-1.5.1-sygus-comp-v1,3600.02,unsolved,0
PBE_BitVec/icfp_gen_7.3.sl,CVC4-1.5.1-sygus-comp-v1,3600.13,unsolved,0
PBE_BitVec/icfp_gen_7.4.sl,CVC4-1.5.1-sygus-comp-v1,3600.12,unsolved,0
PBE_BitVec/icfp_gen_7.5.sl,CVC4-1.5.1-sygus-comp-v1,3600.11,unsolved,0
PBE_BitVec/icfp_gen_7.6.sl,CVC4-1.5.1-sygus-comp-v1,3600.03,unsolved,0
PBE_BitVec/icfp_gen_7.7.sl,CVC4-1.5.1-sygus-comp-v1,3600.02,unsolved,0
PBE_BitVec/icfp_gen_7.8.sl,CVC4-1.5.1-sygus-comp-v1,3600.02,unsolved,0
PBE_BitVec/icfp_gen_7.9.sl,CVC4-1.5.1-sygus-comp-v1,3600.03,unsolved,0
PBE_BitVec/icfp_gen_8.1.sl,CVC4-1.5.1-sygus-comp-v1,3600.02,unsolved,0
PBE_BitVec/icfp_gen_8.10.sl,CVC4-1.5.1-sygus-comp-v1,3600.12,unsolved,0
PBE_BitVec/icfp_gen_8.11.sl,CVC4-1.5.1-sygus-comp-v1,3600.02,unsolved,0
PBE_BitVec/icfp_gen_8.12.sl,CVC4-1.5.1-sygus-comp-v1,3600.11,unsolved,0
PBE_BitVec/icfp_gen_8.13.sl,CVC4-1.5.1-sygus-comp-v1,3600.02,unsolved,0
PBE_BitVec/icfp_gen_8.14.sl,CVC4-1.5.1-sygus-comp-v1,3600.02,unsolved,0
PBE_BitVec/icfp_gen_8.15.sl,CVC4-1.5.1-sygus-comp-v1,3600.02,unsolved,0
PBE_BitVec/icfp_gen_8.16.sl,CVC4-1.5.1-sygus-comp-v1,3600.12,unsolved,0
PBE_BitVec/icfp_gen_8.17.sl,CVC4-1.5.1-sygus-comp-v1,3600.02,unsolved,0
PBE_BitVec/icfp_gen_8.18.sl,CVC4-1.5.1-sygus-comp-v1,3600.04,unsolved,0
PBE_BitVec/icfp_gen_8.19.sl,CVC4-1.5.1-sygus-comp-v1,3600.03,unsolved,0
PBE_BitVec/icfp_gen_8.2.sl,CVC4-1.5.1-sygus-comp-v1,3600.02,unsolved,0
PBE_BitVec/icfp_gen_8.20.sl,CVC4-1.5.1-sygus-comp-v1,3600.11,unsolved,0
PBE_BitVec/icfp_gen_8.3.sl,CVC4-1.5.1-sygus-comp-v1,3600.02,unsolved,0
PBE_BitVec/icfp_gen_8.4.sl,CVC4-1.5.1-sygus-comp-v1,3600.11,unsolved,0
PBE_BitVec/icfp_gen_8.5.sl,CVC4-1.5.1-sygus-comp-v1,3600.11,unsolved,0
PBE_BitVec/icfp_gen_8.6.sl,CVC4-1.5.1-sygus-comp-v1,3600.04,unsolved,0
PBE_BitVec/icfp_gen_8.7.sl,CVC4-1.5.1-sygus-comp-v1,3600.09,unsolved,0
PBE_BitVec/icfp_gen_8.8.sl,CVC4-1.5.1-sygus-comp-v1,3600.11,unsolved,0
PBE_BitVec/icfp_gen_8.9.sl,CVC4-1.5.1-sygus-comp-v1,3600.02,unsolved,0
PBE_BitVec/icfp_gen_9.1.sl,CVC4-1.5.1-sygus-comp-v1,3600.11,unsolved,0
PBE_BitVec/icfp_gen_9.10.sl,CVC4-1.5.1-sygus-comp-v1,3600.02,unsolved,0
PBE_BitVec/icfp_gen_9.11.sl,CVC4-1.5.1-sygus-comp-v1,3600.03,unsolved,0
PBE_BitVec/icfp_gen_9.12.sl,CVC4-1.5.1-sygus-comp-v1,3600.02,unsolved,0
PBE_BitVec/icfp_gen_9.13.sl,CVC4-1.5.1-sygus-comp-v1,3600.09,unsolved,0
PBE_BitVec/icfp_gen_9.14.sl,CVC4-1.5.1-sygus-comp-v1,3600.02,unsolved,0
PBE_BitVec/icfp_gen_9.15.sl,CVC4-1.5.1-sygus-comp-v1,3600.02,unsolved,0
PBE_BitVec/icfp_gen_9.16.sl,CVC4-1.5.1-sygus-comp-v1,3600.03,unsolved,0
PBE_BitVec/icfp_gen_9.17.sl,CVC4-1.5.1-sygus-comp-v1,3600.02,unsolved,0
PBE_BitVec/icfp_gen_9.18.sl,CVC4-1.5.1-sygus-comp-v1,3600.03,unsolved,0
PBE_BitVec/icfp_gen_9.19.sl,CVC4-1.5.1-sygus-comp-v1,3600.11,unsolved,0
PBE_BitVec/icfp_gen_9.2.sl,CVC4-1.5.1-sygus-comp-v1,3600.02,unsolved,0
PBE_BitVec/icfp_gen_9.20.sl,CVC4-1.5.1-sygus-comp-v1,3600.03,unsolved,0
PBE_BitVec/icfp_gen_9.3.sl,CVC4-1.5.1-sygus-comp-v1,3600.02,unsolved,0
PBE_BitVec/icfp_gen_9.4.sl,CVC4-1.5.1-sygus-comp-v1,3600.03,unsolved,0
PBE_BitVec/icfp_gen_9.5.sl,CVC4-1.5.1-sygus-comp-v1,3600.02,unsolved,0
PBE_BitVec/icfp_gen_9.6.sl,CVC4-1.5.1-sygus-comp-v1,3600.03,unsolved,0
PBE_BitVec/icfp_gen_9.7.sl,CVC4-1.5.1-sygus-comp-v1,3600.02,unsolved,0
PBE_BitVec/icfp_gen_9.8.sl,CVC4-1.5.1-sygus-comp-v1,3600.02,unsolved,0
PBE_BitVec/icfp_gen_9.9.sl,CVC4-1.5.1-sygus-comp-v1,3600.02,unsolved,0
ICFP/1_10.sl,CVC4-1.5.1-sygus-comp-v1,3600.11,unsolved,0
ICFP/1_100.sl,CVC4-1.5.1-sygus-comp-v1,3600.03,unsolved,0
ICFP/1_1000.sl,CVC4-1.5.1-sygus-comp-v1,3600.02,unsolved,0
ICFP/10_10.sl,CVC4-1.5.1-sygus-comp-v1,3600.03,unsolved,0
ICFP/10_100.sl,CVC4-1.5.1-sygus-comp-v1,3600.03,unsolved,0
ICFP/10_1000.sl,CVC4-1.5.1-sygus-comp-v1,3600.09,unsolved,0
ICFP/100_10.sl,CVC4-1.5.1-sygus-comp-v1,3600.02,unsolved,0
ICFP/100_100.sl,CVC4-1.5.1-sygus-comp-v1,3600.03,unsolved,0
ICFP/100_1000.sl,CVC4-1.5.1-sygus-comp-v1,3600.08,unsolved,0
ICFP/101_10.sl,CVC4-1.5.1-sygus-comp-v1,3600.12,unsolved,0
ICFP/101_100.sl,CVC4-1.5.1-sygus-comp-v1,3600.03,unsolved,0
ICFP/101_1000.sl,CVC4-1.5.1-sygus-comp-v1,3600.03,unsolved,0
ICFP/102_10.sl,CVC4-1.5.1-sygus-comp-v1,3600.02,unsolved,0
ICFP/102_100.sl,CVC4-1.5.1-sygus-comp-v1,3600.02,unsolved,0
ICFP/102_1000.sl,CVC4-1.5.1-sygus-comp-v1,3600.11,unsolved,0
ICFP/103_10.sl,CVC4-1.5.1-sygus-comp-v1,3600.02,unsolved,0
ICFP/103_100.sl,CVC4-1.5.1-sygus-comp-v1,3600.02,unsolved,0
ICFP/103_1000.sl,CVC4-1.5.1-sygus-comp-v1,3600.03,unsolved,0
ICFP/104_10.sl,CVC4-1.5.1-sygus-comp-v1,3600.04,unsolved,0
ICFP/104_100.sl,CVC4-1.5.1-sygus-comp-v1,3600.11,unsolved,0
ICFP/104_1000.sl,CVC4-1.5.1-sygus-comp-v1,3600.04,unsolved,0
ICFP/105_10.sl,CVC4-1.5.1-sygus-comp-v1,3600.03,unsolved,0
ICFP/105_100.sl,CVC4-1.5.1-sygus-comp-v1,3600.11,unsolved,0
ICFP/105_1000.sl,CVC4-1.5.1-sygus-comp-v1,3600.02,unsolved,0
ICFP/106_10.sl,CVC4-1.5.1-sygus-comp-v1,3600.03,unsolved,0
ICFP/106_100.sl,CVC4-1.5.1-sygus-comp-v1,3600.02,unsolved,0
ICFP/106_1000.sl,CVC4-1.5.1-sygus-comp-v1,3600.02,unsolved,0
ICFP/107_10.sl,CVC4-1.5.1-sygus-comp-v1,3600.11,unsolved,0
ICFP/107_100.sl,CVC4-1.5.1-sygus-comp-v1,3600.04,unsolved,0
ICFP/107_1000.sl,CVC4-1.5.1-sygus-comp-v1,3600.03,unsolved,0
ICFP/108_10.sl,CVC4-1.5.1-sygus-comp-v1,3600.03,unsolved,0
ICFP/108_100.sl,CVC4-1.5.1-sygus-comp-v1,3600.03,unsolved,0
ICFP/108_1000.sl,CVC4-1.5.1-sygus-comp-v1,3600.03,unsolved,0
ICFP/109_10.sl,CVC4-1.5.1-sygus-comp-v1,3600.02,unsolved,0
ICFP/109_100.sl,CVC4-1.5.1-sygus-comp-v1,3600.09,unsolved,0
ICFP/109_1000.sl,CVC4-1.5.1-sygus-comp-v1,3600.09,unsolved,0
ICFP/11_10.sl,CVC4-1.5.1-sygus-comp-v1,3600.02,unsolved,0
ICFP/11_100.sl,CVC4-1.5.1-sygus-comp-v1,3600.02,unsolved,0
ICFP/11_1000.sl,CVC4-1.5.1-sygus-comp-v1,3600.03,unsolved,0
ICFP/110_10.sl,CVC4-1.5.1-sygus-comp-v1,3600.02,unsolved,0
ICFP/110_100.sl,CVC4-1.5.1-sygus-comp-v1,3600.02,unsolved,0
ICFP/110_1000.sl,CVC4-1.5.1-sygus-comp-v1,3600.02,unsolved,0
ICFP/111_10.sl,CVC4-1.5.1-sygus-comp-v1,3600.03,unsolved,0
ICFP/111_100.sl,CVC4-1.5.1-sygus-comp-v1,3600.02,unsolved,0
ICFP/111_1000.sl,CVC4-1.5.1-sygus-comp-v1,3600.02,unsolved,0
ICFP/112_10.sl,CVC4-1.5.1-sygus-comp-v1,5.38538,correct,4
ICFP/112_100.sl,CVC4-1.5.1-sygus-comp-v1,343.5,correct,4
ICFP/112_1000.sl,CVC4-1.5.1-sygus-comp-v1,3600.02,unsolved,0
ICFP/113_10.sl,CVC4-1.5.1-sygus-comp-v1,3600.02,unsolved,0
ICFP/113_100.sl,CVC4-1.5.1-sygus-comp-v1,3600.02,unsolved,0
ICFP/113_1000.sl,CVC4-1.5.1-sygus-comp-v1,3600.12,unsolved,0
ICFP/114_10.sl,CVC4-1.5.1-sygus-comp-v1,3600.11,unsolved,0
ICFP/114_100.sl,CVC4-1.5.1-sygus-comp-v1,3600.02,unsolved,0
ICFP/114_1000.sl,CVC4-1.5.1-sygus-comp-v1,3600.09,unsolved,0
ICFP/115_10.sl,CVC4-1.5.1-sygus-comp-v1,3600.03,unsolved,0
ICFP/115_100.sl,CVC4-1.5.1-sygus-comp-v1,3600.02,unsolved,0
ICFP/115_1000.sl,CVC4-1.5.1-sygus-comp-v1,3600.02,unsolved,0
ICFP/116_10.sl,CVC4-1.5.1-sygus-comp-v1,3600.02,unsolved,0
ICFP/116_100.sl,CVC4-1.5.1-sygus-comp-v1,3600.02,unsolved,0
ICFP/116_1000.sl,CVC4-1.5.1-sygus-comp-v1,3600.04,unsolved,0
ICFP/117_10.sl,CVC4-1.5.1-sygus-comp-v1,3600.03,unsolved,0
ICFP/117_100.sl,CVC4-1.5.1-sygus-comp-v1,3600.03,unsolved,0
ICFP/117_1000.sl,CVC4-1.5.1-sygus-comp-v1,3600.04,unsolved,0
ICFP/118_10.sl,CVC4-1.5.1-sygus-comp-v1,3600.03,unsolved,0
ICFP/118_100.sl,CVC4-1.5.1-sygus-comp-v1,3600.02,unsolved,0
ICFP/118_1000.sl,CVC4-1.5.1-sygus-comp-v1,3600.03,unsolved,0
ICFP/119_10.sl,CVC4-1.5.1-sygus-comp-v1,3600.03,unsolved,0
ICFP/119_100.sl,CVC4-1.5.1-sygus-comp-v1,3600.03,unsolved,0
ICFP/119_1000.sl,CVC4-1.5.1-sygus-comp-v1,3600.11,unsolved,0
ICFP/12_10.sl,CVC4-1.5.1-sygus-comp-v1,3600.02,unsolved,0
ICFP/12_100.sl,CVC4-1.5.1-sygus-comp-v1,3600.11,unsolved,0
ICFP/12_1000.sl,CVC4-1.5.1-sygus-comp-v1,3600.08,unsolved,0
ICFP/120_10.sl,CVC4-1.5.1-sygus-comp-v1,0.017393,correct,1
ICFP/120_100.sl,CVC4-1.5.1-sygus-comp-v1,0.024682,correct,1
ICFP/120_1000.sl,CVC4-1.5.1-sygus-comp-v1,0.098159,correct,1
ICFP/121_10.sl,CVC4-1.5.1-sygus-comp-v1,3600.03,unsolved,0
ICFP/121_100.sl,CVC4-1.5.1-sygus-comp-v1,3600.02,unsolved,0
ICFP/121_1000.sl,CVC4-1.5.1-sygus-comp-v1,3600.02,unsolved,0
ICFP/122_10.sl,CVC4-1.5.1-sygus-comp-v1,3600.03,unsolved,0
ICFP/122_100.sl,CVC4-1.5.1-sygus-comp-v1,3600.02,unsolved,0
ICFP/122_1000.sl,CVC4-1.5.1-sygus-comp-v1,3600.11,unsolved,0
ICFP/123_10.sl,CVC4-1.5.1-sygus-comp-v1,3600.03,unsolved,0
ICFP/123_100.sl,CVC4-1.5.1-sygus-comp-v1,3600.02,unsolved,0
ICFP/123_1000.sl,CVC4-1.5.1-sygus-comp-v1,3600.02,unsolved,0
ICFP/124_10.sl,CVC4-1.5.1-sygus-comp-v1,3600.12,unsolved,0
ICFP/124_100.sl,CVC4-1.5.1-sygus-comp-v1,3600.11,unsolved,0
ICFP/124_1000.sl,CVC4-1.5.1-sygus-comp-v1,3600.12,unsolved,0
ICFP/125_10.sl,CVC4-1.5.1-sygus-comp-v1,3600.03,unsolved,0
ICFP/125_100.sl,CVC4-1.5.1-sygus-comp-v1,3600.02,unsolved,0
ICFP/125_1000.sl,CVC4-1.5.1-sygus-comp-v1,3600.02,unsolved,0
ICFP/126_10.sl,CVC4-1.5.1-sygus-comp-v1,3600.02,unsolved,0
ICFP/126_100.sl,CVC4-1.5.1-sygus-comp-v1,3600.02,unsolved,0
ICFP/126_1000.sl,CVC4-1.5.1-sygus-comp-v1,3600.03,unsolved,0
ICFP/127_10.sl,CVC4-1.5.1-sygus-comp-v1,3600.02,unsolved,0
ICFP/127_100.sl,CVC4-1.5.1-sygus-comp-v1,3600.1,unsolved,0
ICFP/127_1000.sl,CVC4-1.5.1-sygus-comp-v1,3600.03,unsolved,0
ICFP/128_10.sl,CVC4-1.5.1-sygus-comp-v1,3600.02,unsolved,0
ICFP/128_100.sl,CVC4-1.5.1-sygus-comp-v1,3600.12,unsolved,0
ICFP/128_1000.sl,CVC4-1.5.1-sygus-comp-v1,3600.02,unsolved,0
ICFP/129_10.sl,CVC4-1.5.1-sygus-comp-v1,5.36156,correct,4
ICFP/129_100.sl,CVC4-1.5.1-sygus-comp-v1,347.511,correct,4
ICFP/129_1000.sl,CVC4-1.5.1-sygus-comp-v1,3600.02,unsolved,0
ICFP/13_10.sl,CVC4-1.5.1-sygus-comp-v1,3600.03,unsolved,0
ICFP/13_100.sl,CVC4-1.5.1-sygus-comp-v1,3600.02,unsolved,0
ICFP/13_1000.sl,CVC4-1.5.1-sygus-comp-v1,3600.02,unsolved,0
ICFP/130_10.sl,CVC4-1.5.1-sygus-comp-v1,3600.03,unsolved,0
ICFP/130_100.sl,CVC4-1.5.1-sygus-comp-v1,3600.11,unsolved,0
ICFP/130_1000.sl,CVC4-1.5.1-sygus-comp-v1,3600.03,unsolved,0
ICFP/131_10.sl,CVC4-1.5.1-sygus-comp-v1,3600.11,unsolved,0
ICFP/131_100.sl,CVC4-1.5.1-sygus-comp-v1,3600.11,unsolved,0
ICFP/131_1000.sl,CVC4-1.5.1-sygus-comp-v1,3600.03,unsolved,0
ICFP/132_10.sl,CVC4-1.5.1-sygus-comp-v1,3600.11,unsolved,0
ICFP/132_100.sl,CVC4-1.5.1-sygus-comp-v1,3600.04,unsolved,0
ICFP/132_1000.sl,CVC4-1.5.1-sygus-comp-v1,3600.11,unsolved,0
ICFP/133_10.sl,CVC4-1.5.1-sygus-comp-v1,3600.13,unsolved,0
ICFP/133_100.sl,CVC4-1.5.1-sygus-comp-v1,3600.03,unsolved,0
ICFP/133_1000.sl,CVC4-1.5.1-sygus-comp-v1,3600.03,unsolved,0
ICFP/134_10.sl,CVC4-1.5.1-sygus-comp-v1,3600.04,unsolved,0
ICFP/134_100.sl,CVC4-1.5.1-sygus-comp-v1,3600.02,unsolved,0
ICFP/134_1000.sl,CVC4-1.5.1-sygus-comp-v1,3600.03,unsolved,0
ICFP/135_10.sl,CVC4-1.5.1-sygus-comp-v1,3600.03,unsolved,0
ICFP/135_100.sl,CVC4-1.5.1-sygus-comp-v1,3600.02,unsolved,0
ICFP/135_1000.sl,CVC4-1.5.1-sygus-comp-v1,3600.1,unsolved,0
ICFP/136_10.sl,CVC4-1.5.1-sygus-comp-v1,3600.02,unsolved,0
ICFP/136_100.sl,CVC4-1.5.1-sygus-comp-v1,3600.1,unsolved,0
ICFP/136_1000.sl,CVC4-1.5.1-sygus-comp-v1,3600.1,unsolved,0
ICFP/137_10.sl,CVC4-1.5.1-sygus-comp-v1,3600.03,unsolved,0
ICFP/137_100.sl,CVC4-1.5.1-sygus-comp-v1,3600.04,unsolved,0
ICFP/137_1000.sl,CVC4-1.5.1-sygus-comp-v1,3600.02,unsolved,0
ICFP/138_10.sl,CVC4-1.5.1-sygus-comp-v1,3600.03,unsolved,0
ICFP/138_100.sl,CVC4-1.5.1-sygus-comp-v1,3600.1,unsolved,0
ICFP/138_1000.sl,CVC4-1.5.1-sygus-comp-v1,3600.05,unsolved,0
ICFP/139_10.sl,CVC4-1.5.1-sygus-comp-v1,3600.03,unsolved,0
ICFP/139_100.sl,CVC4-1.5.1-sygus-comp-v1,3600.04,unsolved,0
ICFP/139_1000.sl,CVC4-1.5.1-sygus-comp-v1,3600.03,unsolved,0
ICFP/14_10.sl,CVC4-1.5.1-sygus-comp-v1,3600.03,unsolved,0
ICFP/14_100.sl,CVC4-1.5.1-sygus-comp-v1,3600.02,unsolved,0
ICFP/14_1000.sl,CVC4-1.5.1-sygus-comp-v1,3600.03,unsolved,0
ICFP/140_10.sl,CVC4-1.5.1-sygus-comp-v1,3600.03,unsolved,0
ICFP/140_100.sl,CVC4-1.5.1-sygus-comp-v1,3600.1,unsolved,0
ICFP/140_1000.sl,CVC4-1.5.1-sygus-comp-v1,3600.02,unsolved,0
ICFP/141_10.sl,CVC4-1.5.1-sygus-comp-v1,3600.04,unsolved,0
ICFP/141_100.sl,CVC4-1.5.1-sygus-comp-v1,3600.1,unsolved,0
ICFP/141_1000.sl,CVC4-1.5.1-sygus-comp-v1,3600.03,unsolved,0
ICFP/142_10.sl,CVC4-1.5.1-sygus-comp-v1,3600.02,unsolved,0
ICFP/142_100.sl,CVC4-1.5.1-sygus-comp-v1,3600.02,unsolved,0
ICFP/142_1000.sl,CVC4-1.5.1-sygus-comp-v1,3600.02,unsolved,0
ICFP/143_10.sl,CVC4-1.5.1-sygus-comp-v1,3600.03,unsolved,0
ICFP/143_100.sl,CVC4-1.5.1-sygus-comp-v1,3600.04,unsolved,0
ICFP/143_1000.sl,CVC4-1.5.1-sygus-comp-v1,3600.03,unsolved,0
ICFP/144_10.sl,CVC4-1.5.1-sygus-comp-v1,3600.02,unsolved,0
ICFP/144_100.sl,CVC4-1.5.1-sygus-comp-v1,3600.03,unsolved,0
ICFP/144_1000.sl,CVC4-1.5.1-sygus-comp-v1,3600.02,unsolved,0
ICFP/145_10.sl,CVC4-1.5.1-sygus-comp-v1,3600.03,unsolved,0
ICFP/145_100.sl,CVC4-1.5.1-sygus-comp-v1,3600.12,unsolved,0
ICFP/145_1000.sl,CVC4-1.5.1-sygus-comp-v1,3600.02,unsolved,0
ICFP/146_10.sl,CVC4-1.5.1-sygus-comp-v1,3600.11,unsolved,0
ICFP/146_100.sl,CVC4-1.5.1-sygus-comp-v1,3600.03,unsolved,0
ICFP/146_1000.sl,CVC4-1.5.1-sygus-comp-v1,3600.03,unsolved,0
ICFP/147_10.sl,CVC4-1.5.1-sygus-comp-v1,3600.02,unsolved,0
ICFP/147_100.sl,CVC4-1.5.1-sygus-comp-v1,3600.02,unsolved,0
ICFP/147_1000.sl,CVC4-1.5.1-sygus-comp-v1,3600.03,unsolved,0
ICFP/148_10.sl,CVC4-1.5.1-sygus-comp-v1,3600.02,unsolved,0
ICFP/148_100.sl,CVC4-1.5.1-sygus-comp-v1,3600.02,unsolved,0
ICFP/148_1000.sl,CVC4-1.5.1-sygus-comp-v1,3600.03,unsolved,0
ICFP/149_10.sl,CVC4-1.5.1-sygus-comp-v1,3600.04,unsolved,0
ICFP/149_100.sl,CVC4-1.5.1-sygus-comp-v1,3600.11,unsolved,0
ICFP/149_1000.sl,CVC4-1.5.1-sygus-comp-v1,3600.02,unsolved,0
ICFP/15_10.sl,CVC4-1.5.1-sygus-comp-v1,3600.03,unsolved,0
ICFP/15_100.sl,CVC4-1.5.1-sygus-comp-v1,3600.02,unsolved,0
ICFP/15_1000.sl,CVC4-1.5.1-sygus-comp-v1,3600.11,unsolved,0
ICFP/150_10.sl,CVC4-1.5.1-sygus-comp-v1,3600.02,unsolved,0
ICFP/150_100.sl,CVC4-1.5.1-sygus-comp-v1,3600.02,unsolved,0
ICFP/150_1000.sl,CVC4-1.5.1-sygus-comp-v1,3600.09,unsolved,0
ICFP/16_10.sl,CVC4-1.5.1-sygus-comp-v1,3600.03,unsolved,0
ICFP/16_100.sl,CVC4-1.5.1-sygus-comp-v1,3600.02,unsolved,0
ICFP/16_1000.sl,CVC4-1.5.1-sygus-comp-v1,3600.03,unsolved,0
ICFP/17_10.sl,CVC4-1.5.1-sygus-comp-v1,3600.03,unsolved,0
ICFP/17_100.sl,CVC4-1.5.1-sygus-comp-v1,3600.03,unsolved,0
ICFP/17_1000.sl,CVC4-1.5.1-sygus-comp-v1,3600.1,unsolved,0
ICFP/18_10.sl,CVC4-1.5.1-sygus-comp-v1,3600.11,unsolved,0
ICFP/18_100.sl,CVC4-1.5.1-sygus-comp-v1,3600.03,unsolved,0
ICFP/18_1000.sl,CVC4-1.5.1-sygus-comp-v1,3600.05,unsolved,0
ICFP/19_10.sl,CVC4-1.5.1-sygus-comp-v1,3600.02,unsolved,0
ICFP/19_100.sl,CVC4-1.5.1-sygus-comp-v1,3600.03,unsolved,0
ICFP/19_1000.sl,CVC4-1.5.1-sygus-comp-v1,3600.03,unsolved,0
ICFP/2_10.sl,CVC4-1.5.1-sygus-comp-v1,3600.11,unsolved,0
ICFP/2_100.sl,CVC4-1.5.1-sygus-comp-v1,3600.02,unsolved,0
ICFP/2_1000.sl,CVC4-1.5.1-sygus-comp-v1,3600.03,unsolved,0
ICFP/20_10.sl,CVC4-1.5.1-sygus-comp-v1,3600.03,unsolved,0
ICFP/20_100.sl,CVC4-1.5.1-sygus-comp-v1,3600.12,unsolved,0
ICFP/20_1000.sl,CVC4-1.5.1-sygus-comp-v1,3600.03,unsolved,0
ICFP/21_10.sl,CVC4-1.5.1-sygus-comp-v1,3600.1,unsolved,0
ICFP/21_100.sl,CVC4-1.5.1-sygus-comp-v1,3600.03,unsolved,0
ICFP/21_1000.sl,CVC4-1.5.1-sygus-comp-v1,3600.02,unsolved,0
ICFP/22_10.sl,CVC4-1.5.1-sygus-comp-v1,3600.02,unsolved,0
ICFP/22_100.sl,CVC4-1.5.1-sygus-comp-v1,3600.03,unsolved,0
ICFP/22_1000.sl,CVC4-1.5.1-sygus-comp-v1,3600.09,unsolved,0
ICFP/23_10.sl,CVC4-1.5.1-sygus-comp-v1,3600.03,unsolved,0
ICFP/23_100.sl,CVC4-1.5.1-sygus-comp-v1,3600.02,unsolved,0
ICFP/23_1000.sl,CVC4-1.5.1-sygus-comp-v1,3600.02,unsolved,0
ICFP/24_10.sl,CVC4-1.5.1-sygus-comp-v1,3600.03,unsolved,0
ICFP/24_100.sl,CVC4-1.5.1-sygus-comp-v1,3600.03,unsolved,0
ICFP/24_1000.sl,CVC4-1.5.1-sygus-comp-v1,3600.05,unsolved,0
ICFP/25_10.sl,CVC4-1.5.1-sygus-comp-v1,3600.03,unsolved,0
ICFP/25_100.sl,CVC4-1.5.1-sygus-comp-v1,3600.11,unsolved,0
ICFP/25_1000.sl,CVC4-1.5.1-sygus-comp-v1,3600.02,unsolved,0
ICFP/26_10.sl,CVC4-1.5.1-sygus-comp-v1,3600.1,unsolved,0
ICFP/26_100.sl,CVC4-1.5.1-sygus-comp-v1,3600.03,unsolved,0
ICFP/26_1000.sl,CVC4-1.5.1-sygus-comp-v1,3600.04,unsolved,0
ICFP/27_10.sl,CVC4-1.5.1-sygus-comp-v1,7.91197,correct,5
ICFP/27_100.sl,CVC4-1.5.1-sygus-comp-v1,3600.03,unsolved,0
ICFP/27_1000.sl,CVC4-1.5.1-sygus-comp-v1,3600.02,unsolved,0
ICFP/28_10.sl,CVC4-1.5.1-sygus-comp-v1,0.400037,correct,2
ICFP/28_100.sl,CVC4-1.5.1-sygus-comp-v1,8.55953,correct,2
ICFP/28_1000.sl,CVC4-1.5.1-sygus-comp-v1,677.751,correct,2
ICFP/29_10.sl,CVC4-1.5.1-sygus-comp-v1,3600.02,unsolved,0
ICFP/29_100.sl,CVC4-1.5.1-sygus-comp-v1,3600.1,unsolved,0
ICFP/29_1000.sl,CVC4-1.5.1-sygus-comp-v1,3600.04,unsolved,0
ICFP/3_10.sl,CVC4-1.5.1-sygus-comp-v1,3600.03,unsolved,0
ICFP/3_100.sl,CVC4-1.5.1-sygus-comp-v1,3600.02,unsolved,0
ICFP/3_1000.sl,CVC4-1.5.1-sygus-comp-v1,3600.03,unsolved,0
ICFP/30_10.sl,CVC4-1.5.1-sygus-comp-v1,3600.02,unsolved,0
ICFP/30_100.sl,CVC4-1.5.1-sygus-comp-v1,3600.11,unsolved,0
ICFP/30_1000.sl,CVC4-1.5.1-sygus-comp-v1,3600.03,unsolved,0
ICFP/31_10.sl,CVC4-1.5.1-sygus-comp-v1,3600.03,unsolved,0
ICFP/31_100.sl,CVC4-1.5.1-sygus-comp-v1,3600.02,unsolved,0
ICFP/31_1000.sl,CVC4-1.5.1-sygus-comp-v1,3600.02,unsolved,0
ICFP/32_10.sl,CVC4-1.5.1-sygus-comp-v1,3600.11,unsolved,0
ICFP/32_100.sl,CVC4-1.5.1-sygus-comp-v1,3600.02,unsolved,0
ICFP/32_1000.sl,CVC4-1.5.1-sygus-comp-v1,3600.03,unsolved,0
ICFP/33_10.sl,CVC4-1.5.1-sygus-comp-v1,2064.12,correct,5
ICFP/33_100.sl,CVC4-1.5.1-sygus-comp-v1,3600.02,unsolved,0
ICFP/33_1000.sl,CVC4-1.5.1-sygus-comp-v1,3600.02,unsolved,0
ICFP/34_10.sl,CVC4-1.5.1-sygus-comp-v1,3600.04,unsolved,0
ICFP/34_100.sl,CVC4-1.5.1-sygus-comp-v1,3600.02,unsolved,0
ICFP/34_1000.sl,CVC4-1.5.1-sygus-comp-v1,3600.04,unsolved,0
ICFP/35_10.sl,CVC4-1.5.1-sygus-comp-v1,3600.11,unsolved,0
ICFP/35_100.sl,CVC4-1.5.1-sygus-comp-v1,3600.02,unsolved,0
ICFP/35_1000.sl,CVC4-1.5.1-sygus-comp-v1,3600.02,unsolved,0
ICFP/36_10.sl,CVC4-1.5.1-sygus-comp-v1,3600.03,unsolved,0
ICFP/36_100.sl,CVC4-1.5.1-sygus-comp-v1,3600.02,unsolved,0
ICFP/36_1000.sl,CVC4-1.5.1-sygus-comp-v1,3600.08,unsolved,0
ICFP/37_10.sl,CVC4-1.5.1-sygus-comp-v1,3600.02,unsolved,0
ICFP/37_100.sl,CVC4-1.5.1-sygus-comp-v1,3600.02,unsolved,0
ICFP/37_1000.sl,CVC4-1.5.1-sygus-comp-v1,3600.03,unsolved,0
ICFP/38_10.sl,CVC4-1.5.1-sygus-comp-v1,3600.02,unsolved,0
ICFP/38_100.sl,CVC4-1.5.1-sygus-comp-v1,3600.02,unsolved,0
ICFP/38_1000.sl,CVC4-1.5.1-sygus-comp-v1,3600.03,unsolved,0
ICFP/39_10.sl,CVC4-1.5.1-sygus-comp-v1,3600.03,unsolved,0
ICFP/39_100.sl,CVC4-1.5.1-sygus-comp-v1,3600.02,unsolved,0
ICFP/39_1000.sl,CVC4-1.5.1-sygus-comp-v1,3600.02,unsolved,0
ICFP/4_10.sl,CVC4-1.5.1-sygus-comp-v1,3600.04,unsolved,0
ICFP/4_100.sl,CVC4-1.5.1-sygus-comp-v1,3600.12,unsolved,0
ICFP/4_1000.sl,CVC4-1.5.1-sygus-comp-v1,3600.03,unsolved,0
ICFP/40_10.sl,CVC4-1.5.1-sygus-comp-v1,3600.03,unsolved,0
ICFP/40_100.sl,CVC4-1.5.1-sygus-comp-v1,3600.03,unsolved,0
ICFP/40_1000.sl,CVC4-1.5.1-sygus-comp-v1,3600.03,unsolved,0
ICFP/41_10.sl,CVC4-1.5.1-sygus-comp-v1,3600.02,unsolved,0
ICFP/41_100.sl,CVC4-1.5.1-sygus-comp-v1,3600.03,unsolved,0
ICFP/41_1000.sl,CVC4-1.5.1-sygus-comp-v1,3600.1,unsolved,0
ICFP/42_10.sl,CVC4-1.5.1-sygus-comp-v1,3600.02,unsolved,0
ICFP/42_100.sl,CVC4-1.5.1-sygus-comp-v1,3600.02,unsolved,0
ICFP/42_1000.sl,CVC4-1.5.1-sygus-comp-v1,3600.03,unsolved,0
ICFP/43_10.sl,CVC4-1.5.1-sygus-comp-v1,3600.02,unsolved,0
ICFP/43_100.sl,CVC4-1.5.1-sygus-comp-v1,3600.02,unsolved,0
ICFP/43_1000.sl,CVC4-1.5.1-sygus-comp-v1,3600.02,unsolved,0
ICFP/44_10.sl,CVC4-1.5.1-sygus-comp-v1,0.230958,correct,2
ICFP/44_100.sl,CVC4-1.5.1-sygus-comp-v1,4.27146,correct,2
ICFP/44_1000.sl,CVC4-1.5.1-sygus-comp-v1,305.261,correct,2
ICFP/45_10.sl,CVC4-1.5.1-sygus-comp-v1,3600.02,unsolved,0
ICFP/45_100.sl,CVC4-1.5.1-sygus-comp-v1,3600.02,unsolved,0
ICFP/45_1000.sl,CVC4-1.5.1-sygus-comp-v1,3600.02,unsolved,0
ICFP/46_10.sl,CVC4-1.5.1-sygus-comp-v1,3600.03,unsolved,0
ICFP/46_100.sl,CVC4-1.5.1-sygus-comp-v1,3600.03,unsolved,0
ICFP/46_1000.sl,CVC4-1.5.1-sygus-comp-v1,3600.02,unsolved,0
ICFP/47_10.sl,CVC4-1.5.1-sygus-comp-v1,3600.02,unsolved,0
ICFP/47_100.sl,CVC4-1.5.1-sygus-comp-v1,3600.1,unsolved,0
ICFP/47_1000.sl,CVC4-1.5.1-sygus-comp-v1,3600.09,unsolved,0
ICFP/48_10.sl,CVC4-1.5.1-sygus-comp-v1,3600.02,unsolved,0
ICFP/48_100.sl,CVC4-1.5.1-sygus-comp-v1,3600.11,unsolved,0
ICFP/48_1000.sl,CVC4-1.5.1-sygus-comp-v1,3600.11,unsolved,0
ICFP/49_10.sl,CVC4-1.5.1-sygus-comp-v1,3600.02,unsolved,0
ICFP/49_100.sl,CVC4-1.5.1-sygus-comp-v1,3600.02,unsolved,0
ICFP/49_1000.sl,CVC4-1.5.1-sygus-comp-v1,3600.03,unsolved,0
ICFP/5_10.sl,CVC4-1.5.1-sygus-comp-v1,3600.03,unsolved,0
ICFP/5_100.sl,CVC4-1.5.1-sygus-comp-v1,3600.11,unsolved,0
ICFP/5_1000.sl,CVC4-1.5.1-sygus-comp-v1,3600.03,unsolved,0
ICFP/50_10.sl,CVC4-1.5.1-sygus-comp-v1,3600.03,unsolved,0
ICFP/50_100.sl,CVC4-1.5.1-sygus-comp-v1,3600.02,unsolved,0
ICFP/50_1000.sl,CVC4-1.5.1-sygus-comp-v1,3600.12,unsolved,0
ICFP/51_10.sl,CVC4-1.5.1-sygus-comp-v1,3600.02,unsolved,0
ICFP/51_100.sl,CVC4-1.5.1-sygus-comp-v1,3600.03,unsolved,0
ICFP/51_1000.sl,CVC4-1.5.1-sygus-comp-v1,3600.06,unsolved,0
ICFP/52_10.sl,CVC4-1.5.1-sygus-comp-v1,787.925,correct,6
ICFP/52_100.sl,CVC4-1.5.1-sygus-comp-v1,3600.02,unsolved,0
ICFP/52_1000.sl,CVC4-1.5.1-sygus-comp-v1,3600.07,unsolved,0
ICFP/53_10.sl,CVC4-1.5.1-sygus-comp-v1,3600.02,unsolved,0
ICFP/53_100.sl,CVC4-1.5.1-sygus-comp-v1,3600.03,unsolved,0
ICFP/53_1000.sl,CVC4-1.5.1-sygus-comp-v1,3600.02,unsolved,0
ICFP/54_10.sl,CVC4-1.5.1-sygus-comp-v1,3600.11,unsolved,0
ICFP/54_100.sl,CVC4-1.5.1-sygus-comp-v1,3600.02,unsolved,0
ICFP/54_1000.sl,CVC4-1.5.1-sygus-comp-v1,3600.12,unsolved,0
ICFP/55_10.sl,CVC4-1.5.1-sygus-comp-v1,3600.02,unsolved,0
ICFP/55_100.sl,CVC4-1.5.1-sygus-comp-v1,3600.02,unsolved,0
ICFP/55_1000.sl,CVC4-1.5.1-sygus-comp-v1,3600.02,unsolved,0
ICFP/56_10.sl,CVC4-1.5.1-sygus-comp-v1,3600.04,unsolved,0
ICFP/56_100.sl,CVC4-1.5.1-sygus-comp-v1,3600.11,unsolved,0
ICFP/56_1000.sl,CVC4-1.5.1-sygus-comp-v1,3600.02,unsolved,0
ICFP/57_10.sl,CVC4-1.5.1-sygus-comp-v1,3600.1,unsolved,0
ICFP/57_100.sl,CVC4-1.5.1-sygus-comp-v1,3600.02,unsolved,0
ICFP/57_1000.sl,CVC4-1.5.1-sygus-comp-v1,3600.11,unsolved,0
ICFP/58_10.sl,CVC4-1.5.1-sygus-comp-v1,3600.03,unsolved,0
ICFP/58_100.sl,CVC4-1.5.1-sygus-comp-v1,3600.03,unsolved,0
ICFP/58_1000.sl,CVC4-1.5.1-sygus-comp-v1,3600.02,unsolved,0
ICFP/59_10.sl,CVC4-1.5.1-sygus-comp-v1,3600.02,unsolved,0
ICFP/59_100.sl,CVC4-1.5.1-sygus-comp-v1,3600.03,unsolved,0
ICFP/59_1000.sl,CVC4-1.5.1-sygus-comp-v1,3600.02,unsolved,0
ICFP/6_10.sl,CVC4-1.5.1-sygus-comp-v1,3600.02,unsolved,0
ICFP/6_100.sl,CVC4-1.5.1-sygus-comp-v1,3600.03,unsolved,0
ICFP/6_1000.sl,CVC4-1.5.1-sygus-comp-v1,3600.06,unsolved,0
ICFP/60_10.sl,CVC4-1.5.1-sygus-comp-v1,3600.12,unsolved,0
ICFP/60_100.sl,CVC4-1.5.1-sygus-comp-v1,3600.02,unsolved,0
ICFP/60_1000.sl,CVC4-1.5.1-sygus-comp-v1,3600.09,unsolved,0
ICFP/61_10.sl,CVC4-1.5.1-sygus-comp-v1,3600.02,unsolved,0
ICFP/61_100.sl,CVC4-1.5.1-sygus-comp-v1,3600.12,unsolved,0
ICFP/61_1000.sl,CVC4-1.5.1-sygus-comp-v1,3600.03,unsolved,0
ICFP/62_10.sl,CVC4-1.5.1-sygus-comp-v1,3600.02,unsolved,0
ICFP/62_100.sl,CVC4-1.5.1-sygus-comp-v1,3600.11,unsolved,0
ICFP/62_1000.sl,CVC4-1.5.1-sygus-comp-v1,3600.02,unsolved,0
ICFP/63_10.sl,CVC4-1.5.1-sygus-comp-v1,3600.03,unsolved,0
ICFP/63_100.sl,CVC4-1.5.1-sygus-comp-v1,3600.09,unsolved,0
ICFP/63_1000.sl,CVC4-1.5.1-sygus-comp-v1,3600.11,unsolved,0
ICFP/64_10.sl,CVC4-1.5.1-sygus-comp-v1,3600.02,unsolved,0
ICFP/64_100.sl,CVC4-1.5.1-sygus-comp-v1,3600.03,unsolved,0
ICFP/64_1000.sl,CVC4-1.5.1-sygus-comp-v1,3600.04,unsolved,0
ICFP/65_10.sl,CVC4-1.5.1-sygus-comp-v1,3600.03,unsolved,0
ICFP/65_100.sl,CVC4-1.5.1-sygus-comp-v1,3600.11,unsolved,0
ICFP/65_1000.sl,CVC4-1.5.1-sygus-comp-v1,3600.11,unsolved,0
ICFP/66_10.sl,CVC4-1.5.1-sygus-comp-v1,3600.03,unsolved,0
ICFP/66_100.sl,CVC4-1.5.1-sygus-comp-v1,3600.12,unsolved,0
ICFP/66_1000.sl,CVC4-1.5.1-sygus-comp-v1,3600.02,unsolved,0
ICFP/67_10.sl,CVC4-1.5.1-sygus-comp-v1,3600.02,unsolved,0
ICFP/67_100.sl,CVC4-1.5.1-sygus-comp-v1,3600.02,unsolved,0
ICFP/67_1000.sl,CVC4-1.5.1-sygus-comp-v1,3600.11,unsolved,0
ICFP/68_10.sl,CVC4-1.5.1-sygus-comp-v1,3600.03,unsolved,0
ICFP/68_100.sl,CVC4-1.5.1-sygus-comp-v1,3600.03,unsolved,0
ICFP/68_1000.sl,CVC4-1.5.1-sygus-comp-v1,3600.12,unsolved,0
ICFP/69_10.sl,CVC4-1.5.1-sygus-comp-v1,3600.02,unsolved,0
ICFP/69_100.sl,CVC4-1.5.1-sygus-comp-v1,3600.02,unsolved,0
ICFP/69_1000.sl,CVC4-1.5.1-sygus-comp-v1,3600.03,unsolved,0
ICFP/7_10.sl,CVC4-1.5.1-sygus-comp-v1,3600.02,unsolved,0
ICFP/7_100.sl,CVC4-1.5.1-sygus-comp-v1,3600.02,unsolved,0
ICFP/7_1000.sl,CVC4-1.5.1-sygus-comp-v1,3600.02,unsolved,0
ICFP/70_10.sl,CVC4-1.5.1-sygus-comp-v1,3600.03,unsolved,0
ICFP/70_100.sl,CVC4-1.5.1-sygus-comp-v1,3600.02,unsolved,0
ICFP/70_1000.sl,CVC4-1.5.1-sygus-comp-v1,3600.03,unsolved,0
ICFP/71_10.sl,CVC4-1.5.1-sygus-comp-v1,3600.03,unsolved,0
ICFP/71_100.sl,CVC4-1.5.1-sygus-comp-v1,3600.02,unsolved,0
ICFP/71_1000.sl,CVC4-1.5.1-sygus-comp-v1,3600.09,unsolved,0
ICFP/72_10.sl,CVC4-1.5.1-sygus-comp-v1,3600.02,unsolved,0
ICFP/72_100.sl,CVC4-1.5.1-sygus-comp-v1,3600.12,unsolved,0
ICFP/72_1000.sl,CVC4-1.5.1-sygus-comp-v1,3600.02,unsolved,0
ICFP/73_10.sl,CVC4-1.5.1-sygus-comp-v1,3600.12,unsolved,0
ICFP/73_100.sl,CVC4-1.5.1-sygus-comp-v1,3600.02,unsolved,0
ICFP/73_1000.sl,CVC4-1.5.1-sygus-comp-v1,3600.07,unsolved,0
ICFP/74_10.sl,CVC4-1.5.1-sygus-comp-v1,3600.03,unsolved,0
ICFP/74_100.sl,CVC4-1.5.1-sygus-comp-v1,3600.02,unsolved,0
ICFP/74_1000.sl,CVC4-1.5.1-sygus-comp-v1,3600.09,unsolved,0
ICFP/75_10.sl,CVC4-1.5.1-sygus-comp-v1,3600.02,unsolved,0
ICFP/75_100.sl,CVC4-1.5.1-sygus-comp-v1,3600.02,unsolved,0
ICFP/75_1000.sl,CVC4-1.5.1-sygus-comp-v1,3600.02,unsolved,0
ICFP/76_10.sl,CVC4-1.5.1-sygus-comp-v1,906.038,correct,5
ICFP/76_100.sl,CVC4-1.5.1-sygus-comp-v1,3600.02,unsolved,0
ICFP/76_1000.sl,CVC4-1.5.1-sygus-comp-v1,3600.12,unsolved,0
ICFP/77_10.sl,CVC4-1.5.1-sygus-comp-v1,3600.03,unsolved,0
ICFP/77_100.sl,CVC4-1.5.1-sygus-comp-v1,3600.02,unsolved,0
ICFP/77_1000.sl,CVC4-1.5.1-sygus-comp-v1,3600.09,unsolved,0
ICFP/78_10.sl,CVC4-1.5.1-sygus-comp-v1,3600.03,unsolved,0
ICFP/78_100.sl,CVC4-1.5.1-sygus-comp-v1,3600.11,unsolved,0
ICFP/78_1000.sl,CVC4-1.5.1-sygus-comp-v1,3600.06,unsolved,0
ICFP/79_10.sl,CVC4-1.5.1-sygus-comp-v1,3600.04,unsolved,0
ICFP/79_100.sl,CVC4-1.5.1-sygus-comp-v1,3600.04,unsolved,0
ICFP/79_1000.sl,CVC4-1.5.1-sygus-comp-v1,3600.03,unsolved,0
ICFP/8_10.sl,CVC4-1.5.1-sygus-comp-v1,3600.02,unsolved,0
ICFP/8_100.sl,CVC4-1.5.1-sygus-comp-v1,3600.04,unsolved,0
ICFP/8_1000.sl,CVC4-1.5.1-sygus-comp-v1,3600.11,unsolved,0
ICFP/80_10.sl,CVC4-1.5.1-sygus-comp-v1,3600.02,unsolved,0
ICFP/80_100.sl,CVC4-1.5.1-sygus-comp-v1,3600.03,unsolved,0
ICFP/80_1000.sl,CVC4-1.5.1-sygus-comp-v1,3600.09,unsolved,0
ICFP/81_10.sl,CVC4-1.5.1-sygus-comp-v1,3600.02,unsolved,0
ICFP/81_100.sl,CVC4-1.5.1-sygus-comp-v1,3600.03,unsolved,0
ICFP/81_1000.sl,CVC4-1.5.1-sygus-comp-v1,3600.02,unsolved,0
ICFP/82_10.sl,CVC4-1.5.1-sygus-comp-v1,3600.03,unsolved,0
ICFP/82_100.sl,CVC4-1.5.1-sygus-comp-v1,3600.02,unsolved,0
ICFP/82_1000.sl,CVC4-1.5.1-sygus-comp-v1,3600.11,unsolved,0
ICFP/83_10.sl,CVC4-1.5.1-sygus-comp-v1,3600.03,unsolved,0
ICFP/83_100.sl,CVC4-1.5.1-sygus-comp-v1,3600.02,unsolved,0
ICFP/83_1000.sl,CVC4-1.5.1-sygus-comp-v1,3600.03,unsolved,0
ICFP/84_10.sl,CVC4-1.5.1-sygus-comp-v1,3600.11,unsolved,0
ICFP/84_100.sl,CVC4-1.5.1-sygus-comp-v1,3600.1,unsolved,0
ICFP/84_1000.sl,CVC4-1.5.1-sygus-comp-v1,3600.04,unsolved,0
ICFP/85_10.sl,CVC4-1.5.1-sygus-comp-v1,3600.03,unsolved,0
ICFP/85_100.sl,CVC4-1.5.1-sygus-comp-v1,3600.03,unsolved,0
ICFP/85_1000.sl,CVC4-1.5.1-sygus-comp-v1,3600.07,unsolved,0
ICFP/86_10.sl,CVC4-1.5.1-sygus-comp-v1,3600.12,unsolved,0
ICFP/86_100.sl,CVC4-1.5.1-sygus-comp-v1,3600.02,unsolved,0
ICFP/86_1000.sl,CVC4-1.5.1-sygus-comp-v1,3600.03,unsolved,0
ICFP/87_10.sl,CVC4-1.5.1-sygus-comp-v1,3600.03,unsolved,0
ICFP/87_100.sl,CVC4-1.5.1-sygus-comp-v1,3600.11,unsolved,0
ICFP/87_1000.sl,CVC4-1.5.1-sygus-comp-v1,3600.03,unsolved,0
ICFP/88_10.sl,CVC4-1.5.1-sygus-comp-v1,3600.02,unsolved,0
ICFP/88_100.sl,CVC4-1.5.1-sygus-comp-v1,3600.03,unsolved,0
ICFP/88_1000.sl,CVC4-1.5.1-sygus-comp-v1,3600.11,unsolved,0
ICFP/89_10.sl,CVC4-1.5.1-sygus-comp-v1,3600.02,unsolved,0
ICFP/89_100.sl,CVC4-1.5.1-sygus-comp-v1,3600.02,unsolved,0
ICFP/89_1000.sl,CVC4-1.5.1-sygus-comp-v1,3600.02,unsolved,0
ICFP/9_10.sl,CVC4-1.5.1-sygus-comp-v1,3600.02,unsolved,0
ICFP/9_100.sl,CVC4-1.5.1-sygus-comp-v1,3600.11,unsolved,0
ICFP/9_1000.sl,CVC4-1.5.1-sygus-comp-v1,3600.02,unsolved,0
ICFP/90_10.sl,CVC4-1.5.1-sygus-comp-v1,3600.03,unsolved,0
ICFP/90_100.sl,CVC4-1.5.1-sygus-comp-v1,3600.02,unsolved,0
ICFP/90_1000.sl,CVC4-1.5.1-sygus-comp-v1,3600.05,unsolved,0
ICFP/91_10.sl,CVC4-1.5.1-sygus-comp-v1,3600.02,unsolved,0
ICFP/91_100.sl,CVC4-1.5.1-sygus-comp-v1,3600.11,unsolved,0
ICFP/91_1000.sl,CVC4-1.5.1-sygus-comp-v1,3600.06,unsolved,0
ICFP/92_10.sl,CVC4-1.5.1-sygus-comp-v1,3600.03,unsolved,0
ICFP/92_100.sl,CVC4-1.5.1-sygus-comp-v1,3600.02,unsolved,0
ICFP/92_1000.sl,CVC4-1.5.1-sygus-comp-v1,3600.07,unsolved,0
ICFP/93_10.sl,CVC4-1.5.1-sygus-comp-v1,3600.04,unsolved,0
ICFP/93_100.sl,CVC4-1.5.1-sygus-comp-v1,3600.02,unsolved,0
ICFP/93_1000.sl,CVC4-1.5.1-sygus-comp-v1,3600.04,unsolved,0
ICFP/94_10.sl,CVC4-1.5.1-sygus-comp-v1,3600.02,unsolved,0
ICFP/94_100.sl,CVC4-1.5.1-sygus-comp-v1,3600.03,unsolved,0
ICFP/94_1000.sl,CVC4-1.5.1-sygus-comp-v1,3600.02,unsolved,0
ICFP/95_10.sl,CVC4-1.5.1-sygus-comp-v1,3600.02,unsolved,0
ICFP/95_100.sl,CVC4-1.5.1-sygus-comp-v1,3600.02,unsolved,0
ICFP/95_1000.sl,CVC4-1.5.1-sygus-comp-v1,3600.1,unsolved,0
ICFP/96_10.sl,CVC4-1.5.1-sygus-comp-v1,3600.02,unsolved,0
ICFP/96_100.sl,CVC4-1.5.1-sygus-comp-v1,3600.12,unsolved,0
ICFP/96_1000.sl,CVC4-1.5.1-sygus-comp-v1,3600.03,unsolved,0
ICFP/97_10.sl,CVC4-1.5.1-sygus-comp-v1,3600.02,unsolved,0
ICFP/97_100.sl,CVC4-1.5.1-sygus-comp-v1,3600.03,unsolved,0
ICFP/97_1000.sl,CVC4-1.5.1-sygus-comp-v1,3600.02,unsolved,0
ICFP/98_10.sl,CVC4-1.5.1-sygus-comp-v1,3600.03,unsolved,0
ICFP/98_100.sl,CVC4-1.5.1-sygus-comp-v1,3600.02,unsolved,0
ICFP/98_1000.sl,CVC4-1.5.1-sygus-comp-v1,3600.02,unsolved,0
ICFP/99_10.sl,CVC4-1.5.1-sygus-comp-v1,3600.03,unsolved,0
ICFP/99_100.sl,CVC4-1.5.1-sygus-comp-v1,3600.03,unsolved,0
ICFP/99_1000.sl,CVC4-1.5.1-sygus-comp-v1,3600.11,unsolved,0
tests/univ_5-long-repeat.sl,CVC4-1.5.1-sygus-comp-v1,0.0429041,smt_issues
tests/initials-long-repeat.sl,CVC4-1.5.1-sygus-comp-v1,3600.02,--
tests/phone-2-long-repeat.sl,CVC4-1.5.1-sygus-comp-v1,3600.02,--
tests/bikes.sl,CVC4-1.5.1-sygus-comp-v1,3600.1,--
tests/reverse-name_short.sl,CVC4-1.5.1-sygus-comp-v1,3.02421,correct
tests/univ_2_short.sl,CVC4-1.5.1-sygus-comp-v1,3600.01,--
tests/phone-6-long-repeat.sl,CVC4-1.5.1-sygus-comp-v1,3600.11,--
tests/name-combine-2_short.sl,CVC4-1.5.1-sygus-comp-v1,3600.02,--
tests/name-combine-3-long-repeat.sl,CVC4-1.5.1-sygus-comp-v1,3600.09,--
tests/phone-7.sl,CVC4-1.5.1-sygus-comp-v1,3600.01,--
tests/phone-5-long-repeat.sl,CVC4-1.5.1-sygus-comp-v1,3600.09,--
tests/name-combine_short.sl,CVC4-1.5.1-sygus-comp-v1,3.28812,correct
tests/univ_4-long-repeat.sl,CVC4-1.5.1-sygus-comp-v1,0.0408871,smt_issues
tests/phone-5_short.sl,CVC4-1.5.1-sygus-comp-v1,3600.02,--
tests/lastname_small.sl,CVC4-1.5.1-sygus-comp-v1,3600.02,--
tests/phone-6.sl,CVC4-1.5.1-sygus-comp-v1,3600.01,--
tests/lastname.sl,CVC4-1.5.1-sygus-comp-v1,3600.02,--
tests/univ_1.sl,CVC4-1.5.1-sygus-comp-v1,3.99499,smt_issues
tests/univ_3-long.sl,CVC4-1.5.1-sygus-comp-v1,3600.1,--
tests/phone-8_short.sl,CVC4-1.5.1-sygus-comp-v1,3600.11,--
tests/phone-4-long.sl,CVC4-1.5.1-sygus-comp-v1,3600.02,--
tests/phone-10.sl,CVC4-1.5.1-sygus-comp-v1,3600.02,--
tests/phone-3_short.sl,CVC4-1.5.1-sygus-comp-v1,3600.01,--
tests/univ_5.sl,CVC4-1.5.1-sygus-comp-v1,3600.01,--
tests/phone-1_short.sl,CVC4-1.5.1-sygus-comp-v1,0.434484,correct
tests/phone-9-long-repeat.sl,CVC4-1.5.1-sygus-comp-v1,3600.02,--
tests/phone-5.sl,CVC4-1.5.1-sygus-comp-v1,3600.01,--
tests/phone-7-long-repeat.sl,CVC4-1.5.1-sygus-comp-v1,3600.02,--
tests/univ_4_short.sl,CVC4-1.5.1-sygus-comp-v1,3600.03,--
tests/phone-10-long.sl,CVC4-1.5.1-sygus-comp-v1,3600.1,--
tests/phone-8.sl,CVC4-1.5.1-sygus-comp-v1,3600.1,--
tests/univ_2.sl,CVC4-1.5.1-sygus-comp-v1,3600.01,--
tests/reverse-name-long-repeat.sl,CVC4-1.5.1-sygus-comp-v1,34.2703,correct
tests/firstname-long-repeat.sl,CVC4-1.5.1-sygus-comp-v1,150.148,smt_issues
tests/name-combine-4_short.sl,CVC4-1.5.1-sygus-comp-v1,3600.11,--
tests/initials-long.sl,CVC4-1.5.1-sygus-comp-v1,3600.02,--
tests/univ_2-long-repeat.sl,CVC4-1.5.1-sygus-comp-v1,3600.02,--
tests/name-combine-3.sl,CVC4-1.5.1-sygus-comp-v1,3600.01,--
tests/firstname_small.sl,CVC4-1.5.1-sygus-comp-v1,11.3011,smt_issues
tests/phone-4-long-repeat.sl,CVC4-1.5.1-sygus-comp-v1,3600.02,--
tests/phone-9-long.sl,CVC4-1.5.1-sygus-comp-v1,3600.11,--
tests/univ_1_short.sl,CVC4-1.5.1-sygus-comp-v1,2.55235,smt_issues
tests/univ_6.sl,CVC4-1.5.1-sygus-comp-v1,3600.11,--
tests/bikes-long.sl,CVC4-1.5.1-sygus-comp-v1,3600.1,--
tests/univ_1-long.sl,CVC4-1.5.1-sygus-comp-v1,4.45849,smt_issues
tests/phone-3-long.sl,CVC4-1.5.1-sygus-comp-v1,3600.05,--
tests/phone-10_short.sl,CVC4-1.5.1-sygus-comp-v1,3600.02,--
tests/lastname-long.sl,CVC4-1.5.1-sygus-comp-v1,3600.02,--
tests/phone-3-long-repeat.sl,CVC4-1.5.1-sygus-comp-v1,3600.04,--
tests/univ_3.sl,CVC4-1.5.1-sygus-comp-v1,3600.11,--
tests/dr-name-long.sl,CVC4-1.5.1-sygus-comp-v1,3600.02,--
tests/name-combine-3_short.sl,CVC4-1.5.1-sygus-comp-v1,3600.02,--
tests/phone-4_short.sl,CVC4-1.5.1-sygus-comp-v1,3600.02,--
tests/phone-8-long-repeat.sl,CVC4-1.5.1-sygus-comp-v1,3600.03,--
tests/bikes_small.sl,CVC4-1.5.1-sygus-comp-v1,3600.02,--
tests/phone-2.sl,CVC4-1.5.1-sygus-comp-v1,207.811,correct
tests/univ_4-long.sl,CVC4-1.5.1-sygus-comp-v1,3600.02,--
tests/phone-10-long-repeat.sl,CVC4-1.5.1-sygus-comp-v1,3600.04,--
tests/phone-2_short.sl,CVC4-1.5.1-sygus-comp-v1,180.646,correct
tests/phone-7-long.sl,CVC4-1.5.1-sygus-comp-v1,3600.02,--
tests/initials.sl,CVC4-1.5.1-sygus-comp-v1,3600.02,--
tests/phone-long.sl,CVC4-1.5.1-sygus-comp-v1,1.85159,correct
tests/name-combine-long.sl,CVC4-1.5.1-sygus-comp-v1,37.9649,correct
tests/dr-name-long-repeat.sl,CVC4-1.5.1-sygus-comp-v1,3600.02,--
tests/name-combine-2-long.sl,CVC4-1.5.1-sygus-comp-v1,3600.02,--
tests/name-combine-4-long-repeat.sl,CVC4-1.5.1-sygus-comp-v1,3600.01,--
tests/reverse-name-long.sl,CVC4-1.5.1-sygus-comp-v1,34.1483,correct
tests/phone-1-long.sl,CVC4-1.5.1-sygus-comp-v1,5.58815,correct
tests/univ_5-long.sl,CVC4-1.5.1-sygus-comp-v1,3600.1,--
tests/firstname-long.sl,CVC4-1.5.1-sygus-comp-v1,143.312,smt_issues
tests/univ_6-long.sl,CVC4-1.5.1-sygus-comp-v1,3600.01,--
tests/univ_1-long-repeat.sl,CVC4-1.5.1-sygus-comp-v1,4.35463,smt_issues
tests/univ_3-long-repeat.sl,CVC4-1.5.1-sygus-comp-v1,0.041195,smt_issues
tests/reverse-name.sl,CVC4-1.5.1-sygus-comp-v1,3.89407,correct
tests/univ_6-long-repeat.sl,CVC4-1.5.1-sygus-comp-v1,0.0504539,smt_issues
tests/lastname-long-repeat.sl,CVC4-1.5.1-sygus-comp-v1,3600.02,--
tests/phone-6-long.sl,CVC4-1.5.1-sygus-comp-v1,3600.03,--
tests/name-combine-4.sl,CVC4-1.5.1-sygus-comp-v1,3600.02,--
tests/phone_short.sl,CVC4-1.5.1-sygus-comp-v1,0.208278,correct
tests/name-combine-3-long.sl,CVC4-1.5.1-sygus-comp-v1,3600.02,--
tests/phone-4.sl,CVC4-1.5.1-sygus-comp-v1,3600.02,--
tests/univ_5_short.sl,CVC4-1.5.1-sygus-comp-v1,3600.02,--
tests/name-combine-2.sl,CVC4-1.5.1-sygus-comp-v1,3600.03,--
tests/phone-8-long.sl,CVC4-1.5.1-sygus-comp-v1,3600.02,--
tests/phone-1-long-repeat.sl,CVC4-1.5.1-sygus-comp-v1,5.60421,correct
tests/phone-1.sl,CVC4-1.5.1-sygus-comp-v1,0.545867,correct
tests/firstname.sl,CVC4-1.5.1-sygus-comp-v1,16.5188,smt_issues
tests/dr-name.sl,CVC4-1.5.1-sygus-comp-v1,3600.11,--
tests/bikes-long-repeat.sl,CVC4-1.5.1-sygus-comp-v1,3600.03,--
tests/name-combine.sl,CVC4-1.5.1-sygus-comp-v1,4.32368,correct
tests/phone-long-repeat.sl,CVC4-1.5.1-sygus-comp-v1,1.85036,correct
tests/phone-5-long.sl,CVC4-1.5.1-sygus-comp-v1,3600.02,--
tests/phone.sl,CVC4-1.5.1-sygus-comp-v1,0.307835,correct
tests/phone-9_short.sl,CVC4-1.5.1-sygus-comp-v1,3600.03,--
tests/univ_4.sl,CVC4-1.5.1-sygus-comp-v1,3600.01,--
tests/name-combine-2-long-repeat.sl,CVC4-1.5.1-sygus-comp-v1,3600.02,--
tests/initials_small.sl,CVC4-1.5.1-sygus-comp-v1,3600.03,--
tests/phone-9.sl,CVC4-1.5.1-sygus-comp-v1,3600.01,--
tests/univ_3_short.sl,CVC4-1.5.1-sygus-comp-v1,3600.01,--
tests/dr-name_small.sl,CVC4-1.5.1-sygus-comp-v1,3600.11,--
tests/univ_2-long.sl,CVC4-1.5.1-sygus-comp-v1,3600.1,--
tests/univ_6_short.sl,CVC4-1.5.1-sygus-comp-v1,3600.01,--
tests/phone-2-long.sl,CVC4-1.5.1-sygus-comp-v1,3600.02,--
tests/name-combine-4-long.sl,CVC4-1.5.1-sygus-comp-v1,3600.02,--
tests/phone-3.sl,CVC4-1.5.1-sygus-comp-v1,3600.01,--
tests/phone-6_short.sl,CVC4-1.5.1-sygus-comp-v1,3600.02,--
tests/phone-7_short.sl,CVC4-1.5.1-sygus-comp-v1,3600.02,--
tests/name-combine-long-repeat.sl,CVC4-1.5.1-sygus-comp-v1,42.4277,correct
